handleId,fieldType,name,description,productImageUrl,collection,sku,ribbon,price,surcharge,visible,discountMode,discountValue,inventory,weight,cost,productOptionName1,productOptionType1,productOptionDescription1,productOptionName2,productOptionType2,productOptionDescription2,productOptionName3,productOptionType3,productOptionDescription3,productOptionName4,productOptionType4,productOptionDescription4,productOptionName5,productOptionType5,productOptionDescription5,productOptionName6,productOptionType6,productOptionDescription6,additionalInfoTitle1,additionalInfoDescription1,additionalInfoTitle2,additionalInfoDescription2,additionalInfoTitle3,additionalInfoDescription3,additionalInfoTitle4,additionalInfoDescription4,additionalInfoTitle5,additionalInfoDescription5,additionalInfoTitle6,additionalInfoDescription6,customTextField1,customTextCharLimit1,customTextMandatory1,customTextField2,customTextCharLimit2,customTextMandatory2,brand
product_f7e20b59-9d54-0d43-8591-b48cf97fff44,Product,Blue-pink-white,"<p>Mandalas are an expression of infinite awareness. All points guide us to our center and light our way home. Midnight Sunrise is inlaid with Obsidian, painted, stacked, glued, and born through multiple layers of laser cut wood.</p>",522d56_c0966dcb3f0b47879031ec4fabafb553~mv2.jpg;522d56_2956fd9a751b4d2289687f26fa6da0f3~mv2.jpg,Mandalas,,,300.0,,false,PERCENT,0.0,1,,,Size,DROP_DOWN,8-12 in (20-30 cm),,,,,,,,,,,,,,,,Size,"<p>This measures around 11.5&nbsp;Inches (29&nbsp;cm)</p>
",,,,,,,,,,,,,,,,,
product_0978858e-2af9-101d-abf6-e458fc1d218f,Product,Green,"<p>Mandalas are an expression of infinite awareness. All points guide us to our center and light our way home. Midnight Sunrise is inlaid with Obsidian, painted, stacked, glued, and born through multiple layers of laser cut wood.</p>",522d56_f628c9ab05a347038e72903f8c8ce9e3~mv2.jpg;522d56_86f9f6613876439d89d308b7abfd6b13~mv2.jpg,Mandalas,,,300.0,,false,PERCENT,0.0,1,,,Size,DROP_DOWN,8-12 in (20-30 cm),,,,,,,,,,,,,,,,Size,"<p>This measures around 11.5&nbsp;Inches (29&nbsp;cm)</p>
",,,,,,,,,,,,,,,,,
product_4e65bc35-14a2-f0d0-3720-6fe3e0ddde6f,Product,Red,"<p>Mandalas are an expression of infinite awareness. All points guide us to our center and light our way home. Midnight Sunrise is inlaid with Obsidian, painted, stacked, glued, and born through multiple layers of laser cut wood.</p>",522d56_f8dd51344f3c4657bb6105e322f90656~mv2.jpg;522d56_7663d41a584a4344bf4e1e748b0c4876~mv2.jpg,Mandalas,,,300.0,,false,PERCENT,0.0,1,,,Size,DROP_DOWN,8-12 in (20-30 cm),,,,,,,,,,,,,,,,Size,"<p>This measures around 11.5&nbsp;Inches (29&nbsp;cm)</p>
",,,,,,,,,,,,,,,,,
product_2e361d3a-64fa-35e7-689f-be0c13b3464d,Product,Green-blue-gold,"<p>Mandalas are an expression of infinite awareness. All points guide us to our center and light our way home. Midnight Sunrise is inlaid with Obsidian, painted, stacked, glued, and born through multiple layers of laser cut wood.</p>",522d56_9347d1fc701841fe982b1a38543bc01c~mv2.jpg;522d56_19280e48cf6d48cea2e1f2fccd1cc5b8~mv2.jpg,Mandalas,,,300.0,,false,PERCENT,0.0,1,,,Size,DROP_DOWN,8-12 in (20-30 cm),,,,,,,,,,,,,,,,Size,"<p>This measures around 11.5&nbsp;Inches (29&nbsp;cm)</p>
",,,,,,,,,,,,,,,,,
product_8193db3d-ac05-84f1-2819-8b427fc61b31,Product,Blue White,"<p>Mandalas are an expression of infinite awareness. All points guide us to our center and light our way home. Midnight Sunrise is inlaid with Obsidian, painted, stacked, glued, and born through multiple layers of laser cut wood.</p>",522d56_308a3ddcc2bd4413ab132fa9f5af447a~mv2.jpg;522d56_3f7929f6e8904f9f96869eae1f8285c0~mv2.jpg,Mandalas,,,300.0,,false,PERCENT,0.0,1,,,Size,DROP_DOWN,8-12 in (20-30 cm),,,,,,,,,,,,,,,,Size,"<p>This measures around 11.5&nbsp;Inches (29&nbsp;cm)</p>
",,,,,,,,,,,,,,,,,
product_5b3f556f-b1e7-af33-28f0-17d867367a8d,Product,Brown Gold,"<p>Mandalas are an expression of infinite awareness. All points guide us to our center and light our way home. Midnight Sunrise is inlaid with Obsidian, painted, stacked, glued, and born through multiple layers of laser cut wood.</p>",522d56_a91624b32900416eb4e193c0d4ecef1a~mv2.jpg;522d56_e6cc044a4d814e7c9dc89d504c59d563~mv2.jpg,Mandalas,,,300.0,,false,PERCENT,0.0,1,,,Size,DROP_DOWN,8-12 in (20-30 cm),,,,,,,,,,,,,,,,Size,"<p>This measures around 11.5&nbsp;Inches (29&nbsp;cm)</p>
",,,,,,,,,,,,,,,,,
product_74983686-6eec-8ea5-ab26-b3e79c5efc1c,Product,-Red gold,"<p>Mandalas are an expression of infinite awareness. All points guide us to our center and light our way home. Midnight Sunrise is inlaid with Obsidian, painted, stacked, glued, and born through multiple layers of laser cut wood.</p>",522d56_7382182217b449e08f757582360d12f2~mv2.jpg;522d56_cb58b86239a54b529f11ccf225be931f~mv2.jpg,Mandalas,,,300.0,,false,PERCENT,0.0,1,,,Size,DROP_DOWN,8-12 in (20-30 cm),,,,,,,,,,,,,,,,Size,"<p>This measures around 11.5&nbsp;Inches (29&nbsp;cm)</p>
",,,,,,,,,,,,,,,,,
product_ffcc5fa6-06a6-356f-d7cf-bedce5c91286,Product,-Blue gold,"<p>Mandalas are an expression of infinite awareness. All points guide us to our center and light our way home. Midnight Sunrise is inlaid with Obsidian, painted, stacked, glued, and born through multiple layers of laser cut wood.</p>",522d56_c9b0e4d8d46c40168912d176854eaf90~mv2.jpg;522d56_d2b4a19edbe24fdca11473b433569ac0~mv2.jpg,Mandalas,,,300.0,,false,PERCENT,0.0,1,,,Size,DROP_DOWN,8-12 in (20-30 cm),,,,,,,,,,,,,,,,Size,"<p>This measures around 11.5&nbsp;Inches (29&nbsp;cm)</p>
",,,,,,,,,,,,,,,,,
product_ca8d59b1-aa14-2a8c-92b9-346f2632cf2f,Product,- Green Gold,"<p>Mandalas are an expression of infinite awareness. All points guide us to our center and light our way home. Midnight Sunrise is inlaid with Obsidian, painted, stacked, glued, and born through multiple layers of laser cut wood.</p>",522d56_e9726a5a10b9486e8356362f60f7b80c~mv2.jpg;522d56_77833f4a3ca3457c865ef84b33eafdba~mv2.jpg,Mandalas,,,300.0,,false,PERCENT,0.0,1,,,Size,DROP_DOWN,8-12 in (20-30 cm),,,,,,,,,,,,,,,,Size,"<p>This measures around 11.5&nbsp;Inches (29&nbsp;cm)</p>
",,,,,,,,,,,,,,,,,
product_a5f8bf35-a903-0e57-6985-9badde3151f3,Product,copy of copy of Dream Whisper - Purple Gold,"<p>Mandalas are an expression of infinite awareness. All points guide us to our center and light our way home. Dream Whisper is inlaid with Rose Quartz, Carnelian and Amber, painted, stacked, glued, and born through multiple layers of laser cut wood.</p>",522d56_c0591e3064e04c16aa9c64463e9b265e~mv2.jpg,Mandalas,,,900.0,,false,PERCENT,0.0,1,,,Size,DROP_DOWN,21-35 in (51-88 cm),,,,,,,,,,,,,,,,Size,"<p>This measures around 23&nbsp;Inches (58&nbsp;cm)</p>
",,,,,,,,,,,,,,,,,
product_071b09fb-6f5c-f243-3845-33c7fc6adf7a,Product,copy of Dream Whisper - Purple Gold,"<p>Mandalas are an expression of infinite awareness. All points guide us to our center and light our way home. Dream Whisper is inlaid with Rose Quartz, Carnelian and Amber, painted, stacked, glued, and born through multiple layers of laser cut wood.</p>",522d56_924b0354c9eb4c7cb9736c10c605c834~mv2.jpg,Mandalas,,,900.0,,false,PERCENT,0.0,1,,,Size,DROP_DOWN,21-35 in (51-88 cm),,,,,,,,,,,,,,,,Size,"<p>This measures around 23&nbsp;Inches (58&nbsp;cm)</p>
",,,,,,,,,,,,,,,,,
product_2738940a-5c78-01ea-2df2-9235c05078d3,Product,Emerging as the Code - 20,"<p>There's a language that all of us speak, it is beyond words and concepts of the mind. These are the expressions of the elements, of our genetics, of our experience through this passage of time. These creations are an expression of this and consist of 64 creations called The Universal Language.</p><p>&nbsp;</p><p>These creations are all connected to chapters in the cycle of changes. Nothing needs to be understood to speak with them. Your presence and experience is how you commune with these frequencies and discover what they hold for you.&nbsp;</p><p>&nbsp;</p><p>Pay close attention to which ones call out to you, there is a message in every one for you and the one you are being drawn to now is guiding you to what you are ready for now.&nbsp;</p><p>&nbsp;</p><p>If you want to dive deeper into the knowledge you can look up the number in the I Ching or Gene Keys systems. In the future all 64 will be a part of an oracle set.</p><p>&nbsp;</p><p>To express the Universal Language the Chinese used an 8 by 8 octagon called the I Ching alternating between black and white, yin and yang. The I Ching relates to the elements and our experience of them internally and externally in a cycle of changes, navigating the passages of time.</p><p>&nbsp;</p><p>In our generation the Gene Keys were created in the expression of this Universal Language. Using the same 64 grid Gene Keys integrates Astrology, Human Design, I Ching, Tarot, Genetics, etc.. into an experiential navigational system. This system moves from the Shadow, repressed/reactive experience, into a Gift where it is embodied and expressed then to a Siddhi where it effortlessly flows through you beyond you.</p>",522d56_e9b7bd6866fc430db133b07307aee457~mv2.jpg,Fine Art,,In Bali,1111.0,,false,PERCENT,0.0,1,,,,,,,,,,,,,,,,,,,,,Size,"<p>This measures 23 in (58 cm) square</p>
",Shipping,"<p>This was created in the mystical Ubud, Bali so please allow 1-3 weeks for shipping.</p>

<p>&nbsp;</p>

<p>Orders charged separately for shipping after the purchase. This often&nbsp;ranges between $150</p>
",,,,,,,,,,,,,,,
product_0976b309-0d6b-4ebb-d4b2-d6190a5ac24a,Product,Treasure of the Way - 22,"<p>There's a language that all of us speak, it is beyond words and concepts of the mind. These are the expressions of the elements, of our genetics, of our experience through this passage of time. These creations are an expression of this and consist of 64 creations called The Universal Language.</p><p>&nbsp;</p><p>These creations are all connected to chapters in the cycle of changes. Nothing needs to be understood to speak with them. Your presence and experience is how you commune with these frequencies and discover what they hold for you.&nbsp;</p><p>&nbsp;</p><p>Pay close attention to which ones call out to you, there is a message in every one for you and the one you are being drawn to now is guiding you to what you are ready for now.&nbsp;</p><p>&nbsp;</p><p>If you want to dive deeper into the knowledge you can look up the number in the I Ching or Gene Keys systems. In the future all 64 will be a part of an oracle set.</p><p>&nbsp;</p><p>To express the Universal Language the Chinese used an 8 by 8 octagon called the I Ching alternating between black and white, yin and yang. The I Ching relates to the elements and our experience of them internally and externally in a cycle of changes, navigating the passages of time.</p><p>&nbsp;</p><p>In our generation the Gene Keys were created in the expression of this Universal Language. Using the same 64 grid Gene Keys integrates Astrology, Human Design, I Ching, Tarot, Genetics, etc.. into an experiential navigational system. This system moves from the Shadow, repressed/reactive experience, into a Gift where it is embodied and expressed then to a Siddhi where it effortlessly flows through you beyond you.</p>",522d56_26d13221284c4d59a5e962c3dbed4703~mv2.jpg,Fine Art,,In Bali,1111.0,,false,PERCENT,0.0,1,,,,,,,,,,,,,,,,,,,,,Size,"<p>This measures 23 in (58 cm) square</p>
",Shipping,"<p>This was created in the mystical Ubud, Bali so please allow 1-3 weeks for shipping.</p>

<p>&nbsp;</p>

<p>Orders charged separately for shipping after the purchase. This often&nbsp;ranges between $150</p>
",,,,,,,,,,,,,,,
product_8a56195a-0236-269a-1817-975e41a4ef1b,Product,Crystal Creation - 36,"<p>There's a language that all of us speak, it is beyond words and concepts of the mind. These are the expressions of the elements, of our genetics, of our experience through this passage of time. These creations are an expression of this and consist of 64 creations called The Universal Language.</p><p>&nbsp;</p><p>These creations are all connected to chapters in the cycle of changes. Nothing needs to be understood to speak with them. Your presence and experience is how you commune with these frequencies and discover what they hold for you.&nbsp;</p><p>&nbsp;</p><p>Pay close attention to which ones call out to you, there is a message in every one for you and the one you are being drawn to now is guiding you to what you are ready for now.&nbsp;</p><p>&nbsp;</p><p>If you want to dive deeper into the knowledge you can look up the number in the I Ching or Gene Keys systems. In the future all 64 will be a part of an oracle set.</p><p>&nbsp;</p><p>To express the Universal Language the Chinese used an 8 by 8 octagon called the I Ching alternating between black and white, yin and yang. The I Ching relates to the elements and our experience of them internally and externally in a cycle of changes, navigating the passages of time.</p><p>&nbsp;</p><p>In our generation the Gene Keys were created in the expression of this Universal Language. Using the same 64 grid Gene Keys integrates Astrology, Human Design, I Ching, Tarot, Genetics, etc.. into an experiential navigational system. This system moves from the Shadow, repressed/reactive experience, into a Gift where it is embodied and expressed then to a Siddhi where it effortlessly flows through you beyond you.</p>",522d56_f0d4b1bd64b24113aeb052704886fb24~mv2.jpg,Fine Art,,In Bali,1111.0,,false,PERCENT,0.0,1,,,,,,,,,,,,,,,,,,,,,Size,"<p>This measures 23 in (58 cm) square</p>
",Shipping,"<p>This was created in the mystical Ubud, Bali so please allow 1-3 weeks for shipping.</p>

<p>&nbsp;</p>

<p>Orders charged separately for shipping after the purchase. This often&nbsp;ranges between $150</p>
",,,,,,,,,,,,,,,
product_12fa36ee-cbcf-cac4-2e36-b6406ca9cd4b,Product,Sol Star - 11,"<p>There's a language that all of us speak, it is beyond words and concepts of the mind. These are the expressions of the elements, of our genetics, of our experience through this passage of time. These creations are an expression of this and consist of 64 creations called The Universal Language.</p><p>&nbsp;</p><p>These creations are all connected to chapters in the cycle of changes. Nothing needs to be understood to speak with them. Your presence and experience is how you commune with these frequencies and discover what they hold for you.&nbsp;</p><p>&nbsp;</p><p>Pay close attention to which ones call out to you, there is a message in every one for you and the one you are being drawn to now is guiding you to what you are ready for now.&nbsp;</p><p>&nbsp;</p><p>If you want to dive deeper into the knowledge you can look up the number in the I Ching or Gene Keys systems. In the future all 64 will be a part of an oracle set.</p><p>&nbsp;</p><p>To express the Universal Language the Chinese used an 8 by 8 octagon called the I Ching alternating between black and white, yin and yang. The I Ching relates to the elements and our experience of them internally and externally in a cycle of changes, navigating the passages of time.</p><p>&nbsp;</p><p>In our generation the Gene Keys were created in the expression of this Universal Language. Using the same 64 grid Gene Keys integrates Astrology, Human Design, I Ching, Tarot, Genetics, etc.. into an experiential navigational system. This system moves from the Shadow, repressed/reactive experience, into a Gift where it is embodied and expressed then to a Siddhi where it effortlessly flows through you beyond you.</p>",522d56_8e6b41b1aef445be88509118e2598572~mv2.jpg,Fine Art,,In Bali,1111.0,,false,PERCENT,0.0,1,,,,,,,,,,,,,,,,,,,,,Size,"<p>This measures 23 in (58 cm) square</p>
",Shipping,"<p>This was created in the mystical Ubud, Bali so please allow 1-3 weeks for shipping.</p>

<p>&nbsp;</p>

<p>Orders charged separately for shipping after the purchase. This often&nbsp;ranges between $150</p>
",,,,,,,,,,,,,,,
product_efee5561-3b12-28eb-542c-50c9182de210,Product,Liberation of the Greater - 18,"<p>There's a language that all of us speak, it is beyond words and concepts of the mind. These are the expressions of the elements, of our genetics, of our experience through this passage of time. These creations are an expression of this and consist of 64 creations called The Universal Language.</p><p>&nbsp;</p><p>These creations are all connected to chapters in the cycle of changes. Nothing needs to be understood to speak with them. Your presence and experience is how you commune with these frequencies and discover what they hold for you.&nbsp;</p><p>&nbsp;</p><p>Pay close attention to which ones call out to you, there is a message in every one for you and the one you are being drawn to now is guiding you to what you are ready for now.&nbsp;</p><p>&nbsp;</p><p>If you want to dive deeper into the knowledge you can look up the number in the I Ching or Gene Keys systems. In the future all 64 will be a part of an oracle set.</p><p>&nbsp;</p><p>To express the Universal Language the Chinese used an 8 by 8 octagon called the I Ching alternating between black and white, yin and yang. The I Ching relates to the elements and our experience of them internally and externally in a cycle of changes, navigating the passages of time.</p><p>&nbsp;</p><p>In our generation the Gene Keys were created in the expression of this Universal Language. Using the same 64 grid Gene Keys integrates Astrology, Human Design, I Ching, Tarot, Genetics, etc.. into an experiential navigational system. This system moves from the Shadow, repressed/reactive experience, into a Gift where it is embodied and expressed then to a Siddhi where it effortlessly flows through you beyond you.</p>",522d56_1297c9fb41a140c68d3644a224c175b2~mv2.jpg,Fine Art,,In Bali,1111.0,,false,PERCENT,0.0,1,,,,,,,,,,,,,,,,,,,,,Size,"<p>This measures 23 in (58 cm) square</p>
",Shipping,"<p>This was created in the mystical Ubud, Bali so please allow 1-3 weeks for shipping.</p>

<p>&nbsp;</p>

<p>Orders charged separately for shipping after the purchase. This often&nbsp;ranges between $150</p>
",,,,,,,,,,,,,,,
product_5e2f969a-69ab-c4a4-1d66-8adb29614568,Product,Moving to Perfection - 42,"<p>There's a language that all of us speak, it is beyond words and concepts of the mind. These are the expressions of the elements, of our genetics, of our experience through this passage of time. These creations are an expression of this and consist of 64 creations called The Universal Language.</p><p>&nbsp;</p><p>These creations are all connected to chapters in the cycle of changes. Nothing needs to be understood to speak with them. Your presence and experience is how you commune with these frequencies and discover what they hold for you.&nbsp;</p><p>&nbsp;</p><p>Pay close attention to which ones call out to you, there is a message in every one for you and the one you are being drawn to now is guiding you to what you are ready for now.&nbsp;</p><p>&nbsp;</p><p>If you want to dive deeper into the knowledge you can look up the number in the I Ching or Gene Keys systems. In the future all 64 will be a part of an oracle set.</p><p>&nbsp;</p><p>To express the Universal Language the Chinese used an 8 by 8 octagon called the I Ching alternating between black and white, yin and yang. The I Ching relates to the elements and our experience of them internally and externally in a cycle of changes, navigating the passages of time.</p><p>&nbsp;</p><p>In our generation the Gene Keys were created in the expression of this Universal Language. Using the same 64 grid Gene Keys integrates Astrology, Human Design, I Ching, Tarot, Genetics, etc.. into an experiential navigational system. This system moves from the Shadow, repressed/reactive experience, into a Gift where it is embodied and expressed then to a Siddhi where it effortlessly flows through you beyond you.</p>",522d56_fd03905bbdbf4089914804d5429bfbf5~mv2.jpg,Fine Art,,In Bali,1111.0,,false,PERCENT,0.0,1,,,,,,,,,,,,,,,,,,,,,Size,"<p>This measures 23 in (58 cm) square</p>
",Shipping,"<p>This was created in the mystical Ubud, Bali so please allow 1-3 weeks for shipping.</p>

<p>&nbsp;</p>

<p>Orders charged separately for shipping after the purchase. This often&nbsp;ranges between $150</p>
",,,,,,,,,,,,,,,
product_140706f1-d5f1-08c3-06e3-25e823f8a42f,Product,Unshakable Arrival - 51,"<p>There's a language that all of us speak, it is beyond words and concepts of the mind. These are the expressions of the elements, of our genetics, of our experience through this passage of time. These creations are an expression of this and consist of 64 creations called The Universal Language.</p><p>&nbsp;</p><p>These creations are all connected to chapters in the cycle of changes. Nothing needs to be understood to speak with them. Your presence and experience is how you commune with these frequencies and discover what they hold for you.&nbsp;</p><p>&nbsp;</p><p>Pay close attention to which ones call out to you, there is a message in every one for you and the one you are being drawn to now is guiding you to what you are ready for now.&nbsp;</p><p>&nbsp;</p><p>If you want to dive deeper into the knowledge you can look up the number in the I Ching or Gene Keys systems. In the future all 64 will be a part of an oracle set.</p><p>&nbsp;</p><p>To express the Universal Language the Chinese used an 8 by 8 octagon called the I Ching alternating between black and white, yin and yang. The I Ching relates to the elements and our experience of them internally and externally in a cycle of changes, navigating the passages of time.</p><p>&nbsp;</p><p>In our generation the Gene Keys were created in the expression of this Universal Language. Using the same 64 grid Gene Keys integrates Astrology, Human Design, I Ching, Tarot, Genetics, etc.. into an experiential navigational system. This system moves from the Shadow, repressed/reactive experience, into a Gift where it is embodied and expressed then to a Siddhi where it effortlessly flows through you beyond you.</p>",522d56_c53e507063f740bf88c891ceb9c342b7~mv2.jpg,Fine Art,,In Bali,1111.0,,false,PERCENT,0.0,1,,,,,,,,,,,,,,,,,,,,,Size,"<p>This measures 23 in (58 cm) square</p>
",Shipping,"<p>This was created in the mystical Ubud, Bali so please allow 1-3 weeks for shipping.</p>

<p>&nbsp;</p>

<p>Orders charged separately for shipping after the purchase. This often&nbsp;ranges between $150</p>
",,,,,,,,,,,,,,,
product_66fa36f1-ca3e-b42d-50ff-02c28412a192,Product,Veils of Knowledge - 4,"<p>There's a language that all of us speak, it is beyond words and concepts of the mind. These are the expressions of the elements, of our genetics, of our experience through this passage of time. These creations are an expression of this and consist of 64 creations called The Universal Language.</p><p>&nbsp;</p><p>These creations are all connected to chapters in the cycle of changes. Nothing needs to be understood to speak with them. Your presence and experience is how you commune with these frequencies and discover what they hold for you.&nbsp;</p><p>&nbsp;</p><p>Pay close attention to which ones call out to you, there is a message in every one for you and the one you are being drawn to now is guiding you to what you are ready for now.&nbsp;</p><p>&nbsp;</p><p>If you want to dive deeper into the knowledge you can look up the number in the I Ching or Gene Keys systems. In the future all 64 will be a part of an oracle set.</p><p>&nbsp;</p><p>To express the Universal Language the Chinese used an 8 by 8 octagon called the I Ching alternating between black and white, yin and yang. The I Ching relates to the elements and our experience of them internally and externally in a cycle of changes, navigating the passages of time.</p><p>&nbsp;</p><p>In our generation the Gene Keys were created in the expression of this Universal Language. Using the same 64 grid Gene Keys integrates Astrology, Human Design, I Ching, Tarot, Genetics, etc.. into an experiential navigational system. This system moves from the Shadow, repressed/reactive experience, into a Gift where it is embodied and expressed then to a Siddhi where it effortlessly flows through you beyond you.</p>",522d56_0493eb6460384808a2c985c1e570ddcf~mv2.jpg,Fine Art,,In Bali,1111.0,,false,PERCENT,0.0,1,,,,,,,,,,,,,,,,,,,,,Size,"<p>This measures 23 in (58 cm) square</p>
",Shipping,"<p>This was created in the mystical Ubud, Bali so please allow 1-3 weeks for shipping.</p>

<p>&nbsp;</p>

<p>Orders charged separately for shipping after the purchase. This often&nbsp;ranges between $150</p>
",,,,,,,,,,,,,,,
product_23e5db42-72fb-754c-e6e5-5104a765a723,Product,The Mysteries Play - 25,"<p>There's a language that all of us speak, it is beyond words and concepts of the mind. These are the expressions of the elements, of our genetics, of our experience through this passage of time. These creations are an expression of this and consist of 64 creations called The Universal Language.</p><p>&nbsp;</p><p>These creations are all connected to chapters in the cycle of changes. Nothing needs to be understood to speak with them. Your presence and experience is how you commune with these frequencies and discover what they hold for you.&nbsp;</p><p>&nbsp;</p><p>Pay close attention to which ones call out to you, there is a message in every one for you and the one you are being drawn to now is guiding you to what you are ready for now.&nbsp;</p><p>&nbsp;</p><p>If you want to dive deeper into the knowledge you can look up the number in the I Ching or Gene Keys systems. In the future all 64 will be a part of an oracle set.</p><p>&nbsp;</p><p>To express the Universal Language the Chinese used an 8 by 8 octagon called the I Ching alternating between black and white, yin and yang. The I Ching relates to the elements and our experience of them internally and externally in a cycle of changes, navigating the passages of time.</p><p>&nbsp;</p><p>In our generation the Gene Keys were created in the expression of this Universal Language. Using the same 64 grid Gene Keys integrates Astrology, Human Design, I Ching, Tarot, Genetics, etc.. into an experiential navigational system. This system moves from the Shadow, repressed/reactive experience, into a Gift where it is embodied and expressed then to a Siddhi where it effortlessly flows through you beyond you.</p>",522d56_53900207dc86437f9dc40b2698afeef6~mv2.jpg,Fine Art,,In Bali,1111.0,,false,PERCENT,0.0,1,,,,,,,,,,,,,,,,,,,,,Size,"<p>This measures 23 in (58 cm) square</p>
",Shipping,"<p>This was created in the mystical Ubud, Bali so please allow 1-3 weeks for shipping.</p>

<p>&nbsp;</p>

<p>Orders charged separately for shipping after the purchase. This often&nbsp;ranges between $150</p>
",,,,,,,,,,,,,,,
product_a90eadb8-889d-87be-c18a-3e019e32fb3d,Product,Theater of Truth - 31,"<p>There's a language that all of us speak, it is beyond words and concepts of the mind. These are the expressions of the elements, of our genetics, of our experience through this passage of time. These creations are an expression of this and consist of 64 creations called The Universal Language.</p><p>&nbsp;</p><p>These creations are all connected to chapters in the cycle of changes. Nothing needs to be understood to speak with them. Your presence and experience is how you commune with these frequencies and discover what they hold for you.&nbsp;</p><p>&nbsp;</p><p>Pay close attention to which ones call out to you, there is a message in every one for you and the one you are being drawn to now is guiding you to what you are ready for now.&nbsp;</p><p>&nbsp;</p><p>If you want to dive deeper into the knowledge you can look up the number in the I Ching or Gene Keys systems. In the future all 64 will be a part of an oracle set.</p><p>&nbsp;</p><p>To express the Universal Language the Chinese used an 8 by 8 octagon called the I Ching alternating between black and white, yin and yang. The I Ching relates to the elements and our experience of them internally and externally in a cycle of changes, navigating the passages of time.</p><p>&nbsp;</p><p>In our generation the Gene Keys were created in the expression of this Universal Language. Using the same 64 grid Gene Keys integrates Astrology, Human Design, I Ching, Tarot, Genetics, etc.. into an experiential navigational system. This system moves from the Shadow, repressed/reactive experience, into a Gift where it is embodied and expressed then to a Siddhi where it effortlessly flows through you beyond you.</p>",522d56_a9b08f25ec1b4578b0f38c077043ca8c~mv2.jpg,Fine Art,,In Bali,1111.0,,false,PERCENT,0.0,1,,,,,,,,,,,,,,,,,,,,,Size,"<p>This measures 23 in (58 cm) square</p>
",Shipping,"<p>This was created in the mystical Ubud, Bali so please allow 1-3 weeks for shipping.</p>

<p>&nbsp;</p>

<p>Orders charged separately for shipping after the purchase. This often&nbsp;ranges between $150</p>
",,,,,,,,,,,,,,,
product_0625b922-1ef9-71c1-a997-8fe2ae954342,Product,Ease in This - 9,"<p>There's a language that all of us speak, it is beyond words and concepts of the mind. These are the expressions of the elements, of our genetics, of our experience through this passage of time. These creations are an expression of this and consist of 64 creations called The Universal Language.</p><p>&nbsp;</p><p>These creations are all connected to chapters in the cycle of changes. Nothing needs to be understood to speak with them. Your presence and experience is how you commune with these frequencies and discover what they hold for you.&nbsp;</p><p>&nbsp;</p><p>Pay close attention to which ones call out to you, there is a message in every one for you and the one you are being drawn to now is guiding you to what you are ready for now.&nbsp;</p><p>&nbsp;</p><p>If you want to dive deeper into the knowledge you can look up the number in the I Ching or Gene Keys systems. In the future all 64 will be a part of an oracle set.</p><p>&nbsp;</p><p>To express the Universal Language the Chinese used an 8 by 8 octagon called the I Ching alternating between black and white, yin and yang. The I Ching relates to the elements and our experience of them internally and externally in a cycle of changes, navigating the passages of time.</p><p>&nbsp;</p><p>In our generation the Gene Keys were created in the expression of this Universal Language. Using the same 64 grid Gene Keys integrates Astrology, Human Design, I Ching, Tarot, Genetics, etc.. into an experiential navigational system. This system moves from the Shadow, repressed/reactive experience, into a Gift where it is embodied and expressed then to a Siddhi where it effortlessly flows through you beyond you.</p>",522d56_805277e1677d4e04a1aa06df40808066~mv2.jpg,Fine Art,,In Bali,1111.0,,false,PERCENT,0.0,1,,,,,,,,,,,,,,,,,,,,,Size,"<p>This measures 23 in (58 cm) square</p>
",Shipping,"<p>This was created in the mystical Ubud, Bali so please allow 1-3 weeks for shipping.</p>

<p>&nbsp;</p>

<p>Orders charged separately for shipping after the purchase. This often&nbsp;ranges between $150</p>
",,,,,,,,,,,,,,,
product_27aaf3c7-1d5c-fec5-f8a0-7832bed30712,Product,Essential Nexus - 7,"<p>There's a language that all of us speak, it is beyond words and concepts of the mind. These are the expressions of the elements, of our genetics, of our experience through this passage of time. These creations are an expression of this and consist of 64 creations called The Universal Language.</p><p>&nbsp;</p><p>These creations are all connected to chapters in the cycle of changes. Nothing needs to be understood to speak with them. Your presence and experience is how you commune with these frequencies and discover what they hold for you.&nbsp;</p><p>&nbsp;</p><p>Pay close attention to which ones call out to you, there is a message in every one for you and the one you are being drawn to now is guiding you to what you are ready for now.&nbsp;</p><p>&nbsp;</p><p>If you want to dive deeper into the knowledge you can look up the number in the I Ching or Gene Keys systems. In the future all 64 will be a part of an oracle set.</p><p>&nbsp;</p><p>To express the Universal Language the Chinese used an 8 by 8 octagon called the I Ching alternating between black and white, yin and yang. The I Ching relates to the elements and our experience of them internally and externally in a cycle of changes, navigating the passages of time.</p><p>&nbsp;</p><p>In our generation the Gene Keys were created in the expression of this Universal Language. Using the same 64 grid Gene Keys integrates Astrology, Human Design, I Ching, Tarot, Genetics, etc.. into an experiential navigational system. This system moves from the Shadow, repressed/reactive experience, into a Gift where it is embodied and expressed then to a Siddhi where it effortlessly flows through you beyond you.</p>",522d56_50513698c683410fbd44e62d6a126513~mv2.jpg,Fine Art,,In Bali,1111.0,,false,PERCENT,0.0,1,,,,,,,,,,,,,,,,,,,,,Size,"<p>This measures 23 in (58 cm) square</p>
",Shipping,"<p>This was created in the mystical Ubud, Bali so please allow 1-3 weeks for shipping.</p>

<p>&nbsp;</p>

<p>Orders charged separately for shipping after the purchase. This often&nbsp;ranges between $150</p>
",,,,,,,,,,,,,,,
product_2abd673f-a359-e9ce-82f8-0ea6751fa85a,Product,Art of Living - 32,"<p>There's a language that all of us speak, it is beyond words and concepts of the mind. These are the expressions of the elements, of our genetics, of our experience through this passage of time. These creations are an expression of this and consist of 64 creations called The Universal Language.</p><p>&nbsp;</p><p>These creations are all connected to chapters in the cycle of changes. Nothing needs to be understood to speak with them. Your presence and experience is how you commune with these frequencies and discover what they hold for you.&nbsp;</p><p>&nbsp;</p><p>Pay close attention to which ones call out to you, there is a message in every one for you and the one you are being drawn to now is guiding you to what you are ready for now.&nbsp;</p><p>&nbsp;</p><p>If you want to dive deeper into the knowledge you can look up the number in the I Ching or Gene Keys systems. In the future all 64 will be a part of an oracle set.</p><p>&nbsp;</p><p>To express the Universal Language the Chinese used an 8 by 8 octagon called the I Ching alternating between black and white, yin and yang. The I Ching relates to the elements and our experience of them internally and externally in a cycle of changes, navigating the passages of time.</p><p>&nbsp;</p><p>In our generation the Gene Keys were created in the expression of this Universal Language. Using the same 64 grid Gene Keys integrates Astrology, Human Design, I Ching, Tarot, Genetics, etc.. into an experiential navigational system. This system moves from the Shadow, repressed/reactive experience, into a Gift where it is embodied and expressed then to a Siddhi where it effortlessly flows through you beyond you.</p>",522d56_668c5517d418428a898d21c02f0a5d76~mv2.jpg,Fine Art,,In Bali,1111.0,,false,PERCENT,0.0,1,,,,,,,,,,,,,,,,,,,,,Size,"<p>This measures 23 in (58 cm) square</p>
",Shipping,"<p>This was created in the mystical Ubud, Bali so please allow 1-3 weeks for shipping.</p>

<p>&nbsp;</p>

<p>Orders charged separately for shipping after the purchase. This often&nbsp;ranges between $150</p>
",,,,,,,,,,,,,,,
product_1f2d36fe-55a2-bf0d-cc5b-4386b2839eee,Product,Solection - 19,"<p>There's a language that all of us speak, it is beyond words and concepts of the mind. These are the expressions of the elements, of our genetics, of our experience through this passage of time. These creations are an expression of this and consist of 64 creations called The Universal Language.</p><p>&nbsp;</p><p>These creations are all connected to chapters in the cycle of changes. Nothing needs to be understood to speak with them. Your presence and experience is how you commune with these frequencies and discover what they hold for you.&nbsp;</p><p>&nbsp;</p><p>Pay close attention to which ones call out to you, there is a message in every one for you and the one you are being drawn to now is guiding you to what you are ready for now.&nbsp;</p><p>&nbsp;</p><p>If you want to dive deeper into the knowledge you can look up the number in the I Ching or Gene Keys systems. In the future all 64 will be a part of an oracle set.</p><p>&nbsp;</p><p>To express the Universal Language the Chinese used an 8 by 8 octagon called the I Ching alternating between black and white, yin and yang. The I Ching relates to the elements and our experience of them internally and externally in a cycle of changes, navigating the passages of time.</p><p>&nbsp;</p><p>In our generation the Gene Keys were created in the expression of this Universal Language. Using the same 64 grid Gene Keys integrates Astrology, Human Design, I Ching, Tarot, Genetics, etc.. into an experiential navigational system. This system moves from the Shadow, repressed/reactive experience, into a Gift where it is embodied and expressed then to a Siddhi where it effortlessly flows through you beyond you.</p>",522d56_65a9776508f34f149c223692e95c4a09~mv2.jpg,Fine Art,,In Bali,1111.0,,false,PERCENT,0.0,1,,,,,,,,,,,,,,,,,,,,,Size,"<p>This measures 23 in (58 cm) square</p>
",Shipping,"<p>This was created in the mystical Ubud, Bali so please allow 1-3 weeks for shipping.</p>

<p>&nbsp;</p>

<p>Orders charged separately for shipping after the purchase. This often&nbsp;ranges between $150</p>
",,,,,,,,,,,,,,,
product_dd147037-ae51-b120-e7a1-059b1dfbc9b3,Product,Sophia's Orchestra - 44,"<p>There's a language that all of us speak, it is beyond words and concepts of the mind. These are the expressions of the elements, of our genetics, of our experience through this passage of time. These creations are an expression of this and consist of 64 creations called The Universal Language.</p><p>&nbsp;</p><p>These creations are all connected to chapters in the cycle of changes. Nothing needs to be understood to speak with them. Your presence and experience is how you commune with these frequencies and discover what they hold for you.&nbsp;</p><p>&nbsp;</p><p>Pay close attention to which ones call out to you, there is a message in every one for you and the one you are being drawn to now is guiding you to what you are ready for now.&nbsp;</p><p>&nbsp;</p><p>If you want to dive deeper into the knowledge you can look up the number in the I Ching or Gene Keys systems. In the future all 64 will be a part of an oracle set.</p><p>&nbsp;</p><p>To express the Universal Language the Chinese used an 8 by 8 octagon called the I Ching alternating between black and white, yin and yang. The I Ching relates to the elements and our experience of them internally and externally in a cycle of changes, navigating the passages of time.</p><p>&nbsp;</p><p>In our generation the Gene Keys were created in the expression of this Universal Language. Using the same 64 grid Gene Keys integrates Astrology, Human Design, I Ching, Tarot, Genetics, etc.. into an experiential navigational system. This system moves from the Shadow, repressed/reactive experience, into a Gift where it is embodied and expressed then to a Siddhi where it effortlessly flows through you beyond you.</p>",522d56_140d857bcd694ef38ac1b6ceab74cf90~mv2.jpg,Fine Art,,In Bali,1111.0,,false,PERCENT,0.0,1,,,,,,,,,,,,,,,,,,,,,Size,"<p>This measures 23 in (58 cm) square</p>
",Shipping,"<p>This was created in the mystical Ubud, Bali so please allow 1-3 weeks for shipping.</p>

<p>&nbsp;</p>

<p>Orders charged separately for shipping after the purchase. This often&nbsp;ranges between $150</p>
",,,,,,,,,,,,,,,
product_f8c322c8-8555-b2c9-0eff-410d26eb5056,Product,Odyssey of Freedom - 8,"<p>There's a language that all of us speak, it is beyond words and concepts of the mind. These are the expressions of the elements, of our genetics, of our experience through this passage of time. These creations are an expression of this and consist of 64 creations called The Universal Language.</p><p>&nbsp;</p><p>These creations are all connected to chapters in the cycle of changes. Nothing needs to be understood to speak with them. Your presence and experience is how you commune with these frequencies and discover what they hold for you.&nbsp;</p><p>&nbsp;</p><p>Pay close attention to which ones call out to you, there is a message in every one for you and the one you are being drawn to now is guiding you to what you are ready for now.&nbsp;</p><p>&nbsp;</p><p>If you want to dive deeper into the knowledge you can look up the number in the I Ching or Gene Keys systems. In the future all 64 will be a part of an oracle set.</p><p>&nbsp;</p><p>To express the Universal Language the Chinese used an 8 by 8 octagon called the I Ching alternating between black and white, yin and yang. The I Ching relates to the elements and our experience of them internally and externally in a cycle of changes, navigating the passages of time.</p><p>&nbsp;</p><p>In our generation the Gene Keys were created in the expression of this Universal Language. Using the same 64 grid Gene Keys integrates Astrology, Human Design, I Ching, Tarot, Genetics, etc.. into an experiential navigational system. This system moves from the Shadow, repressed/reactive experience, into a Gift where it is embodied and expressed then to a Siddhi where it effortlessly flows through you beyond you.</p>",522d56_daf917d25fd54813ab7736ea195c4e33~mv2.jpg,Fine Art,,In Bali,1111.0,,false,PERCENT,0.0,1,,,,,,,,,,,,,,,,,,,,,Size,"<p>This measures 23 in (58 cm) square</p>
",Shipping,"<p>This was created in the mystical Ubud, Bali so please allow 1-3 weeks for shipping.</p>

<p>&nbsp;</p>

<p>Orders charged separately for shipping after the purchase. This often&nbsp;ranges between $150</p>
",,,,,,,,,,,,,,,
product_f4c635d2-cfb6-fed7-c447-298e8bd2a4ae,Product,Harmonious Mirage - 6,"<p>There's a language that all of us speak, it is beyond words and concepts of the mind. These are the expressions of the elements, of our genetics, of our experience through this passage of time. These creations are an expression of this and consist of 64 creations called The Universal Language.</p><p>&nbsp;</p><p>These creations are all connected to chapters in the cycle of changes. Nothing needs to be understood to speak with them. Your presence and experience is how you commune with these frequencies and discover what they hold for you.&nbsp;</p><p>&nbsp;</p><p>Pay close attention to which ones call out to you, there is a message in every one for you and the one you are being drawn to now is guiding you to what you are ready for now.&nbsp;</p><p>&nbsp;</p><p>If you want to dive deeper into the knowledge you can look up the number in the I Ching or Gene Keys systems. In the future all 64 will be a part of an oracle set.</p><p>&nbsp;</p><p>To express the Universal Language the Chinese used an 8 by 8 octagon called the I Ching alternating between black and white, yin and yang. The I Ching relates to the elements and our experience of them internally and externally in a cycle of changes, navigating the passages of time.</p><p>&nbsp;</p><p>In our generation the Gene Keys were created in the expression of this Universal Language. Using the same 64 grid Gene Keys integrates Astrology, Human Design, I Ching, Tarot, Genetics, etc.. into an experiential navigational system. This system moves from the Shadow, repressed/reactive experience, into a Gift where it is embodied and expressed then to a Siddhi where it effortlessly flows through you beyond you.</p>",522d56_441e794cc79247328c2eb176cf9298a1~mv2.jpg,Fine Art,,In Bali,1111.0,,false,PERCENT,0.0,1,,,,,,,,,,,,,,,,,,,,,Size,"<p>This measures 23 in (58 cm) square</p>
",Shipping,"<p>This was created in the mystical Ubud, Bali so please allow 1-3 weeks for shipping.</p>

<p>&nbsp;</p>

<p>Orders charged separately for shipping after the purchase. This often&nbsp;ranges between $150</p>
",,,,,,,,,,,,,,,
product_6c6b1f2b-03b0-735a-ce7b-0949a45f33e7,Product,Fountain of Light - 46,"<p>There's a language that all of us speak, it is beyond words and concepts of the mind. These are the expressions of the elements, of our genetics, of our experience through this passage of time. These creations are an expression of this and consist of 64 creations called The Universal Language.</p><p>&nbsp;</p><p>These creations are all connected to chapters in the cycle of changes. Nothing needs to be understood to speak with them. Your presence and experience is how you commune with these frequencies and discover what they hold for you.&nbsp;</p><p>&nbsp;</p><p>Pay close attention to which ones call out to you, there is a message in every one for you and the one you are being drawn to now is guiding you to what you are ready for now.&nbsp;</p><p>&nbsp;</p><p>If you want to dive deeper into the knowledge you can look up the number in the I Ching or Gene Keys systems. In the future all 64 will be a part of an oracle set.</p><p>&nbsp;</p><p>To express the Universal Language the Chinese used an 8 by 8 octagon called the I Ching alternating between black and white, yin and yang. The I Ching relates to the elements and our experience of them internally and externally in a cycle of changes, navigating the passages of time.</p><p>&nbsp;</p><p>In our generation the Gene Keys were created in the expression of this Universal Language. Using the same 64 grid Gene Keys integrates Astrology, Human Design, I Ching, Tarot, Genetics, etc.. into an experiential navigational system. This system moves from the Shadow, repressed/reactive experience, into a Gift where it is embodied and expressed then to a Siddhi where it effortlessly flows through you beyond you.</p>",522d56_00c1c98d6a77451e8433478dac5f6a0e~mv2.jpg,Fine Art,,In Bali,1111.0,,false,PERCENT,0.0,1,,,,,,,,,,,,,,,,,,,,,Size,"<p>This measures 23 in (58 cm) square</p>
",Shipping,"<p>This was created in the mystical Ubud, Bali so please allow 1-3 weeks for shipping.</p>

<p>&nbsp;</p>

<p>Orders charged separately for shipping after the purchase. This often&nbsp;ranges between $150</p>
",,,,,,,,,,,,,,,
product_4f931240-9afd-1e49-744b-0b2e61a76e7d,Product,Rhythm of Life - 54,"<p>There's a language that all of us speak, it is beyond words and concepts of the mind. These are the expressions of the elements, of our genetics, of our experience through this passage of time. These creations are an expression of this and consist of 64 creations called The Universal Language.</p><p>&nbsp;</p><p>These creations are all connected to chapters in the cycle of changes. Nothing needs to be understood to speak with them. Your presence and experience is how you commune with these frequencies and discover what they hold for you.&nbsp;</p><p>&nbsp;</p><p>Pay close attention to which ones call out to you, there is a message in every one for you and the one you are being drawn to now is guiding you to what you are ready for now.&nbsp;</p><p>&nbsp;</p><p>If you want to dive deeper into the knowledge you can look up the number in the I Ching or Gene Keys systems. In the future all 64 will be a part of an oracle set.</p><p>&nbsp;</p><p>To express the Universal Language the Chinese used an 8 by 8 octagon called the I Ching alternating between black and white, yin and yang. The I Ching relates to the elements and our experience of them internally and externally in a cycle of changes, navigating the passages of time.</p><p>&nbsp;</p><p>In our generation the Gene Keys were created in the expression of this Universal Language. Using the same 64 grid Gene Keys integrates Astrology, Human Design, I Ching, Tarot, Genetics, etc.. into an experiential navigational system. This system moves from the Shadow, repressed/reactive experience, into a Gift where it is embodied and expressed then to a Siddhi where it effortlessly flows through you beyond you.</p>",522d56_fa9ce34b70db40b0b9a5032a3b4f4e74~mv2.jpg,Fine Art,,In Bali,1111.0,,false,PERCENT,0.0,1,,,,,,,,,,,,,,,,,,,,,Size,"<p>This measures 23 in (58 cm) square</p>
",Shipping,"<p>This was created in the mystical Ubud, Bali so please allow 1-3 weeks for shipping.</p>

<p>&nbsp;</p>

<p>Orders charged separately for shipping after the purchase. This often&nbsp;ranges between $150</p>
",,,,,,,,,,,,,,,
product_cb7d6870-7139-ed01-f38c-6bf0ba29123d,Product,Nobel Spark - 39,"<p>There's a language that all of us speak, it is beyond words and concepts of the mind. These are the expressions of the elements, of our genetics, of our experience through this passage of time. These creations are an expression of this and consist of 64 creations called The Universal Language.</p><p>&nbsp;</p><p>These creations are all connected to chapters in the cycle of changes. Nothing needs to be understood to speak with them. Your presence and experience is how you commune with these frequencies and discover what they hold for you.&nbsp;</p><p>&nbsp;</p><p>Pay close attention to which ones call out to you, there is a message in every one for you and the one you are being drawn to now is guiding you to what you are ready for now.&nbsp;</p><p>&nbsp;</p><p>If you want to dive deeper into the knowledge you can look up the number in the I Ching or Gene Keys systems. In the future all 64 will be a part of an oracle set.</p><p>&nbsp;</p><p>To express the Universal Language the Chinese used an 8 by 8 octagon called the I Ching alternating between black and white, yin and yang. The I Ching relates to the elements and our experience of them internally and externally in a cycle of changes, navigating the passages of time.</p><p>&nbsp;</p><p>In our generation the Gene Keys were created in the expression of this Universal Language. Using the same 64 grid Gene Keys integrates Astrology, Human Design, I Ching, Tarot, Genetics, etc.. into an experiential navigational system. This system moves from the Shadow, repressed/reactive experience, into a Gift where it is embodied and expressed then to a Siddhi where it effortlessly flows through you beyond you.</p>",522d56_a143d15a30bd44a885d4fb3a0242b3f0~mv2.jpg,Fine Art,,In Bali,1111.0,,false,PERCENT,0.0,1,,,,,,,,,,,,,,,,,,,,,Size,"<p>This measures 23 in (58 cm) square</p>
",Shipping,"<p>This was created in the mystical Ubud, Bali so please allow 1-3 weeks for shipping.</p>

<p>&nbsp;</p>

<p>Orders charged separately for shipping after the purchase. This often&nbsp;ranges between $150</p>
",,,,,,,,,,,,,,,
product_0e805ef6-ca86-a42f-76af-3b0d1b64f3e9,Product,Flight of the Tao - 57,"<p>There's a language that all of us speak, it is beyond words and concepts of the mind. These are the expressions of the elements, of our genetics, of our experience through this passage of time. These creations are an expression of this and consist of 64 creations called The Universal Language.</p><p>&nbsp;</p><p>These creations are all connected to chapters in the cycle of changes. Nothing needs to be understood to speak with them. Your presence and experience is how you commune with these frequencies and discover what they hold for you.&nbsp;</p><p>&nbsp;</p><p>Pay close attention to which ones call out to you, there is a message in every one for you and the one you are being drawn to now is guiding you to what you are ready for now.&nbsp;</p><p>&nbsp;</p><p>If you want to dive deeper into the knowledge you can look up the number in the I Ching or Gene Keys systems. In the future all 64 will be a part of an oracle set.</p><p>&nbsp;</p><p>To express the Universal Language the Chinese used an 8 by 8 octagon called the I Ching alternating between black and white, yin and yang. The I Ching relates to the elements and our experience of them internally and externally in a cycle of changes, navigating the passages of time.</p><p>&nbsp;</p><p>In our generation the Gene Keys were created in the expression of this Universal Language. Using the same 64 grid Gene Keys integrates Astrology, Human Design, I Ching, Tarot, Genetics, etc.. into an experiential navigational system. This system moves from the Shadow, repressed/reactive experience, into a Gift where it is embodied and expressed then to a Siddhi where it effortlessly flows through you beyond you.</p>",522d56_39301caf4e3f458f946ebca5e072b1ee~mv2.jpg,Fine Art,,In Bali,3300.0,,false,PERCENT,0.0,1,,,,,,,,,,,,,,,,,,,,,Size,"<p>This measures 39 in (99 cm) square</p>
",Shipping,"<p>This was created in the mystical Ubud, Bali so please allow 1-3 weeks for shipping.</p>

<p>&nbsp;</p>

<p>Orders charged separately for shipping after the purchase. This often&nbsp;ranges between $300-$500</p>
",,,,,,,,,,,,,,,
product_1d485a9c-2291-ea44-cd2c-2376f51f13cf,Product,Doorways Of The Unknown - 48,"<p>There's a language that all of us speak, it is beyond words and concepts of the mind. These are the expressions of the elements, of our genetics, of our experience through this passage of time. These creations are an expression of this and consist of 64 creations called The Universal Language.</p><p>&nbsp;</p><p>These creations are all connected to chapters in the cycle of changes. Nothing needs to be understood to speak with them. Your presence and experience is how you commune with these frequencies and discover what they hold for you.&nbsp;</p><p>&nbsp;</p><p>Pay close attention to which ones call out to you, there is a message in every one for you and the one you are being drawn to now is guiding you to what you are ready for now.&nbsp;</p><p>&nbsp;</p><p>If you want to dive deeper into the knowledge you can look up the number in the I Ching or Gene Keys systems. In the future all 64 will be a part of an oracle set.</p><p>&nbsp;</p><p>To express the Universal Language the Chinese used an 8 by 8 octagon called the I Ching alternating between black and white, yin and yang. The I Ching relates to the elements and our experience of them internally and externally in a cycle of changes, navigating the passages of time.</p><p>&nbsp;</p><p>In our generation the Gene Keys were created in the expression of this Universal Language. Using the same 64 grid Gene Keys integrates Astrology, Human Design, I Ching, Tarot, Genetics, etc.. into an experiential navigational system. This system moves from the Shadow, repressed/reactive experience, into a Gift where it is embodied and expressed then to a Siddhi where it effortlessly flows through you beyond you.</p>",e5e2db_33428df748044672b7c0b8b866322eab~mv2.jpg,Fine Art,,In Bali,3000.0,,true,PERCENT,0.0,1,,,,,,,,,,,,,,,,,,,,,Size,"<p>This measures 35.5 in (90 cm) square</p>
",Shipping,"<p>This was created in the mystical Ubud, Bali so please allow 1-3 weeks for shipping.</p>

<p>&nbsp;</p>

<p>Orders charged separately for shipping after the purchase. This often&nbsp;ranges between $300-$500</p>
",,,,,,,,,,,,,,,
product_423622f1-8fb9-ed13-20c1-9c7e088b3a57,Product,Beyond the Matrix,"<p>Diving into the abyss, we find our center to be the north star. With endless journey the destination is found here and now.</p>",e5e2db_e5cadfe8d0ff433584de75eaf285a175~mv2.jpg,Fine Art,,In Bali,4500.0,,false,PERCENT,0.0,1,,,,,,,,,,,,,,,,,,,,,Size,"<p>This measures 38 in by 81 in</p>
",Shipping,"<p>This was created in the mystical Ubud, Bali so please allow 1-3 weeks for shipping.</p>

<p>&nbsp;</p>

<p>Orders charged separately for shipping after the purchase. This often&nbsp;ranges between $500-$700</p>
",,,,,,,,,,,,,,,
product_49177d71-9450-0882-9dd6-da5769f2cf90,Product,Mystics Journey - Framed,"<p>Diving into the abyss, we find our center to be the north star. With endless journey the destination is found here and now.</p>",e5e2db_1c0b332ad20640f5b3805394fcf9e2ca~mv2.jpg,Fine Art,,In Bali,9000.0,,true,PERCENT,0.0,1,,,,,,,,,,,,,,,,,,,,,Size,"<p>This measures 38 in by 81 in</p>
",Shipping,"<p>This was created in the mystical Ubud, Bali so please allow 1-3 weeks for shipping.</p>

<p>&nbsp;</p>

<p>Orders charged separately for shipping after the purchase. This often&nbsp;ranges between $700-$1100</p>
",,,,,,,,,,,,,,,
product_e2300fb5-d153-ead2-1df5-5e889c3f6293,Product,Path of the Ordinary,"<p>We can touch these potent experiences with plant ceremony or or flowstate peak spiritual experiences. It feels like such an Earth shattering, life changing experience. The path of the ordinary is really embodying that. this is a path that we are all on of remembering. When something becomes ordinary we are no longer looking. Things are perfect&nbsp;the way they are are.</p>",e5e2db_b17b5e81141346fd9285eb71f88a9fe9~mv2.jpg,Fine Art,AA01,In Bali,4000.0,,true,PERCENT,0.0,1,,,,,,,,,,,,,,,,,,,,,Size,"<p>This measures 47 in by 30 in</p>
",Shipping,"<p>This was created in the mystical Ubud, Bali so please allow 1-3 weeks for shipping.</p>

<p>&nbsp;</p>

<p>Orders charged separately for shipping after the purchase. This often&nbsp;ranges between $500-$700</p>
",,,,,,,,,,,,,,,
product_4939cf44-d88f-9fad-2044-d2561bd8f956,Product,Geogra,"<p>This Mini Mandala is a limited, hand painted, one of a kind work of art. Its unique laser etched design in engraved into a wooden MDF material then airbrushed, painted, and then covered with 3 coats of crystal clear enamel. They are water resistant but not proof. Great for your alter or those small places on your wall that could use some extra color.</p>",522d56_cc7ae2de0ea048e1b79565fd961dc2c3~mv2.jpg;522d56_5ce91cd148d849319852dc7a55090fdd~mv2.jpg,Mini Mandalas,,,30.0,,true,PERCENT,0.0,0,,,Size,DROP_DOWN,4 in (10 cm),,,,,,,,,,,,,,,,,,,,,,,,,,,,,,,,,,
product_4939cf44-d88f-9fad-2044-d2561bd8f956,Variant,,,,,,,,,true,,,1,,,,,4 in (10 cm),,,,,,,,,,,,,,,,,,,,,,,,,,,,,,,,,,
product_2fbfff83-6c74-f60e-04e6-60a999d9c0fc,Product,Depic,"<p>This Mini Mandala is a limited, hand painted, one of a kind work of art. Its unique laser etched design in engraved into a wooden MDF material then airbrushed, painted, and then covered with 3 coats of crystal clear enamel. They are water resistant but not proof. Great for your alter or those small places on your wall that could use some extra color.</p>",522d56_0f0bbc40524e4c57b71dab187a3a7aaa~mv2.jpg;522d56_8c30c4fd60544372bc9e4f991ec0153a~mv2.jpg,Mini Mandalas,,,30.0,,true,PERCENT,0.0,0,,,Size,DROP_DOWN,4 in (10 cm),,,,,,,,,,,,,,,,,,,,,,,,,,,,,,,,,,
product_2fbfff83-6c74-f60e-04e6-60a999d9c0fc,Variant,,,,,,,,,true,,,1,,,,,4 in (10 cm),,,,,,,,,,,,,,,,,,,,,,,,,,,,,,,,,,
product_294d7c9d-06e8-3379-3554-d76b7008aeeb,Product,Sivra,"<p>This Mini Mandala is a limited, hand painted, one of a kind work of art. Its unique laser etched design in engraved into a wooden MDF material then airbrushed, painted, and then covered with 3 coats of crystal clear enamel. They are water resistant but not proof. Great for your alter or those small places on your wall that could use some extra color.</p>",522d56_611efe92cbba4c709d0aa85ba7855e68~mv2.jpg;522d56_06879cfceab04b26a650582cae4a3e40~mv2.jpg,Mini Mandalas,,,30.0,,true,PERCENT,0.0,0,,,Size,DROP_DOWN,4 in (10 cm),,,,,,,,,,,,,,,,,,,,,,,,,,,,,,,,,,
product_294d7c9d-06e8-3379-3554-d76b7008aeeb,Variant,,,,,,,,,true,,,0,,,,,4 in (10 cm),,,,,,,,,,,,,,,,,,,,,,,,,,,,,,,,,,
product_b32f4993-f57d-7ad7-8fcb-7cc5df4eef50,Product,Lebrra,"<p>This Mini Mandala is a limited, hand painted, one of a kind work of art. Its unique laser etched design in engraved into a wooden MDF material then airbrushed, painted, and then covered with 3 coats of crystal clear enamel. They are water resistant but not proof. Great for your alter or those small places on your wall that could use some extra color.</p>",522d56_31993a07d9f74a2ab2e5274591795aca~mv2.jpg;522d56_818623ab5e9b49ce81d0b2ef3428998e~mv2.jpg,Mini Mandalas,,,30.0,,true,PERCENT,0.0,0,,,Size,DROP_DOWN,4 in (10 cm),,,,,,,,,,,,,,,,,,,,,,,,,,,,,,,,,,
product_b32f4993-f57d-7ad7-8fcb-7cc5df4eef50,Variant,,,,,,,,,true,,,1,,,,,4 in (10 cm),,,,,,,,,,,,,,,,,,,,,,,,,,,,,,,,,,
product_3ee34b36-6cb2-e449-a160-a27dde689662,Product,Altho,"<p>This Mini Mandala is a limited, hand painted, one of a kind work of art. Its unique laser etched design in engraved into a wooden MDF material then airbrushed, painted, and then covered with 3 coats of crystal clear enamel. They are water resistant but not proof. Great for your alter or those small places on your wall that could use some extra color.</p>",522d56_7ed1176e2d834e9a8ae839658cefd41d~mv2.jpg;522d56_d6bbea294d15402eb465a5da8f3b5280~mv2.jpg,Mini Mandalas,,,30.0,,true,PERCENT,0.0,0,,,Size,DROP_DOWN,4 in (10 cm),,,,,,,,,,,,,,,,,,,,,,,,,,,,,,,,,,
product_3ee34b36-6cb2-e449-a160-a27dde689662,Variant,,,,,,,,,true,,,1,,,,,4 in (10 cm),,,,,,,,,,,,,,,,,,,,,,,,,,,,,,,,,,
product_f908f501-2af2-3fd7-f80c-a8ed4785711e,Product,Depno,"<p>This Mini Mandala is a limited, hand painted, one of a kind work of art. Its unique laser etched design in engraved into a wooden MDF material then airbrushed, painted, and then covered with 3 coats of crystal clear enamel. They are water resistant but not proof. Great for your alter or those small places on your wall that could use some extra color.</p>",522d56_e6ca2b9f0d15417f91c9c386f36316a0~mv2.jpg;522d56_0e164277a6d74018ba553d1ae92c515b~mv2.jpg,Mini Mandalas,,,30.0,,true,PERCENT,0.0,0,,,Size,DROP_DOWN,4 in (10 cm),,,,,,,,,,,,,,,,,,,,,,,,,,,,,,,,,,
product_f908f501-2af2-3fd7-f80c-a8ed4785711e,Variant,,,,,,,,,true,,,1,,,,,4 in (10 cm),,,,,,,,,,,,,,,,,,,,,,,,,,,,,,,,,,
product_c20f75b4-1cb1-557b-ac27-b400d4b58870,Product,Lenda,"<p>This Mini Mandala is a limited, hand painted, one of a kind work of art. Its unique laser etched design in engraved into a wooden MDF material then airbrushed, painted, and then covered with 3 coats of crystal clear enamel. They are water resistant but not proof. Great for your alter or those small places on your wall that could use some extra color.</p>",522d56_c0985153e56a4dc7b365890c5c2e41e3~mv2.jpg,Mini Mandalas,,,30.0,,true,PERCENT,0.0,0,,,Size,DROP_DOWN,4 in (10 cm),,,,,,,,,,,,,,,,,,,,,,,,,,,,,,,,,,
product_c20f75b4-1cb1-557b-ac27-b400d4b58870,Variant,,,,,,,,,true,,,1,,,,,4 in (10 cm),,,,,,,,,,,,,,,,,,,,,,,,,,,,,,,,,,
product_ad3e0616-2690-cf21-d585-f0a3fbe6ae2c,Product,Felia,"<p>This Mini Mandala is a limited, hand painted, one of a kind work of art. Its unique laser etched design in engraved into a wooden MDF material then airbrushed, painted, and then covered with 3 coats of crystal clear enamel. They are water resistant but not proof. Great for your alter or those small places on your wall that could use some extra color.</p>",522d56_9cb49216e2264a889ea72d787c1d9108~mv2.jpg,Mini Mandalas,,,30.0,,true,PERCENT,0.0,0,,,Size,DROP_DOWN,4 in (10 cm),,,,,,,,,,,,,,,,,,,,,,,,,,,,,,,,,,
product_ad3e0616-2690-cf21-d585-f0a3fbe6ae2c,Variant,,,,,,,,,true,,,1,,,,,4 in (10 cm),,,,,,,,,,,,,,,,,,,,,,,,,,,,,,,,,,
product_9ca26fbe-907d-1184-8b45-0b3117a7953d,Product,Toru,"<p>This Mini Mandala is a limited, hand painted, one of a kind work of art. Its unique laser etched design in engraved into a wooden MDF material then airbrushed, painted, and then covered with 3 coats of crystal clear enamel. They are water resistant but not proof. Great for your alter or those small places on your wall that could use some extra color.</p>",522d56_ac4db2dc5f0148feb7fc3d31b80c4026~mv2.jpg,Mini Mandalas,,,30.0,,true,PERCENT,0.0,0,,,Size,DROP_DOWN,4 in (10 cm),,,,,,,,,,,,,,,,,,,,,,,,,,,,,,,,,,
product_9ca26fbe-907d-1184-8b45-0b3117a7953d,Variant,,,,,,,,,true,,,1,,,,,4 in (10 cm),,,,,,,,,,,,,,,,,,,,,,,,,,,,,,,,,,
product_b5e2ba1d-e2d0-1a20-d160-413d30288706,Product,Agata,"<p>This Mini Mandala is a limited, hand painted, one of a kind work of art. Its unique laser etched design in engraved into a wooden MDF material then airbrushed, painted, and then covered with 3 coats of crystal clear enamel. They are water resistant but not proof. Great for your alter or those small places on your wall that could use some extra color.</p>",522d56_267f6ff61c0044ca8a47d881d6250e49~mv2.jpg,Mini Mandalas,,,30.0,,true,PERCENT,0.0,0,,,Size,DROP_DOWN,4 in (10 cm),,,,,,,,,,,,,,,,,,,,,,,,,,,,,,,,,,
product_b5e2ba1d-e2d0-1a20-d160-413d30288706,Variant,,,,,,,,,true,,,1,,,,,4 in (10 cm),,,,,,,,,,,,,,,,,,,,,,,,,,,,,,,,,,
product_63f9eb62-6081-7a7a-f52c-90fb34baf63a,Product,Agera,"<p>This Mini Mandala is a limited, hand painted, one of a kind work of art. Its unique laser etched design in engraved into a wooden MDF material then airbrushed, painted, and then covered with 3 coats of crystal clear enamel. They are water resistant but not proof. Great for your alter or those small places on your wall that could use some extra color.</p>",522d56_d09a348f946e400dadd8ddc64d7ed69c~mv2.jpg,Mini Mandalas,,,30.0,,true,PERCENT,0.0,0,,,Size,DROP_DOWN,4 in (10 cm),,,,,,,,,,,,,,,,,,,,,,,,,,,,,,,,,,
product_63f9eb62-6081-7a7a-f52c-90fb34baf63a,Variant,,,,,,,,,true,,,1,,,,,4 in (10 cm),,,,,,,,,,,,,,,,,,,,,,,,,,,,,,,,,,
product_8b191029-b848-ce53-e85d-609a48a57023,Product,Cathra,"<p>This Mini Mandala is a limited, hand painted, one of a kind work of art. Its unique laser etched design in engraved into a wooden MDF material then airbrushed, painted, and then covered with 3 coats of crystal clear enamel. They are water resistant but not proof. Great for your alter or those small places on your wall that could use some extra color.</p>",522d56_ccbd149142754daf939586dc96ff2df6~mv2.jpg;522d56_32f4f9e1be9542f4b7262da12e6bc5b1~mv2.jpg,Mini Mandalas,,,30.0,,true,PERCENT,0.0,0,,,Size,DROP_DOWN,4 in (10 cm),,,,,,,,,,,,,,,,,,,,,,,,,,,,,,,,,,
product_8b191029-b848-ce53-e85d-609a48a57023,Variant,,,,,,,,,true,,,1,,,,,4 in (10 cm),,,,,,,,,,,,,,,,,,,,,,,,,,,,,,,,,,
product_ae610872-ec3d-e6ee-8fb0-43752b68b4de,Product,Voca,"<p>This Mini Mandala is a limited, hand painted, one of a kind work of art. Its unique laser etched design in engraved into a wooden MDF material then airbrushed, painted, and then covered with 3 coats of crystal clear enamel. They are water resistant but not proof. Great for your alter or those small places on your wall that could use some extra color.</p>",522d56_1e60562e91434d3c921ee778444054b5~mv2.jpg;522d56_4a234977b35240aeadb9368c1ab6b66e~mv2.jpg,Mini Mandalas,,,30.0,,true,PERCENT,0.0,0,,,Size,DROP_DOWN,4 in (10 cm),,,,,,,,,,,,,,,,,,,,,,,,,,,,,,,,,,
product_ae610872-ec3d-e6ee-8fb0-43752b68b4de,Variant,,,,,,,,,true,,,1,,,,,4 in (10 cm),,,,,,,,,,,,,,,,,,,,,,,,,,,,,,,,,,
product_2dd541ad-b3fa-8752-f858-2cf0a11228d6,Product,Ascua,"<p>This Mini Mandala is a limited, hand painted, one of a kind work of art. Its unique laser etched design in engraved into a wooden MDF material then airbrushed, painted, and then covered with 3 coats of crystal clear enamel. They are water resistant but not proof. Great for your alter or those small places on your wall that could use some extra color.</p>",522d56_e24885abea1446fe935b8a6d6f3add1d~mv2.jpg;522d56_0400f96a68f84bb381690d8c0b516f0a~mv2.jpg,Mini Mandalas,,,30.0,,true,PERCENT,0.0,0,,,Size,DROP_DOWN,4 in (10 cm),,,,,,,,,,,,,,,,,,,,,,,,,,,,,,,,,,
product_2dd541ad-b3fa-8752-f858-2cf0a11228d6,Variant,,,,,,,,,true,,,1,,,,,4 in (10 cm),,,,,,,,,,,,,,,,,,,,,,,,,,,,,,,,,,
product_eb75cec5-c7f5-b9af-2d95-3bf99f63ceee,Product,Leirra,"<p>This Mini Mandala is a limited, hand painted, one of a kind work of art. Its unique laser etched design in engraved into a wooden MDF material then airbrushed, painted, and then covered with 3 coats of crystal clear enamel. They are water resistant but not proof. Great for your alter or those small places on your wall that could use some extra color.</p>",522d56_5b4cb9bd77b84188820e072ae864b512~mv2.jpg;522d56_b3182143adcf4ef7987f7bbf85c925f3~mv2.jpg,Mini Mandalas,,,30.0,,true,PERCENT,0.0,0,,,Size,DROP_DOWN,4 in (10 cm),,,,,,,,,,,,,,,,,,,,,,,,,,,,,,,,,,
product_eb75cec5-c7f5-b9af-2d95-3bf99f63ceee,Variant,,,,,,,,,true,,,1,,,,,4 in (10 cm),,,,,,,,,,,,,,,,,,,,,,,,,,,,,,,,,,
product_98f42bd4-588a-0e4a-7e6e-1f1d6776a975,Product,Lercha,"<p>This Mini Mandala is a limited, hand painted, one of a kind work of art. Its unique laser etched design in engraved into a wooden MDF material then airbrushed, painted, and then covered with 3 coats of crystal clear enamel. They are water resistant but not proof. Great for your alter or those small places on your wall that could use some extra color.</p>",522d56_9cceee6429824b798809a12a74649629~mv2.jpg;522d56_f4d4a4e31973405c9b1d5402d1afcb19~mv2.jpg,Mini Mandalas,,,30.0,,true,PERCENT,0.0,0,,,Size,DROP_DOWN,4 in (10 cm),,,,,,,,,,,,,,,,,,,,,,,,,,,,,,,,,,
product_98f42bd4-588a-0e4a-7e6e-1f1d6776a975,Variant,,,,,,,,,true,,,1,,,,,4 in (10 cm),,,,,,,,,,,,,,,,,,,,,,,,,,,,,,,,,,
product_3fa1397b-d02b-7cd9-90c7-150502a8dc4e,Product,Alamo,"<p>This Mini Mandala is a limited, hand painted, one of a kind work of art. Its unique laser etched design in engraved into a wooden MDF material then airbrushed, painted, and then covered with 3 coats of crystal clear enamel. They are water resistant but not proof. Great for your alter or those small places on your wall that could use some extra color.</p>",522d56_ea7370ab4fc24a6ea09add8c0cad3930~mv2.jpg;522d56_b385df5fcfa040d7a78f72dcb2be512c~mv2.jpg,Mini Mandalas,,,30.0,,true,PERCENT,0.0,0,,,Size,DROP_DOWN,4 in (10 cm),,,,,,,,,,,,,,,,,,,,,,,,,,,,,,,,,,
product_3fa1397b-d02b-7cd9-90c7-150502a8dc4e,Variant,,,,,,,,,true,,,1,,,,,4 in (10 cm),,,,,,,,,,,,,,,,,,,,,,,,,,,,,,,,,,
product_f5d45d2b-0c96-c758-ada2-a61255ae2211,Product,Albo,"<p>This Mini Mandala is a limited, hand painted, one of a kind work of art. Its unique laser etched design in engraved into a wooden MDF material then airbrushed, painted, and then covered with 3 coats of crystal clear enamel. They are water resistant but not proof. Great for your alter or those small places on your wall that could use some extra color.</p>",522d56_ce76397491674ec2ac1936f7f6bec736~mv2.jpg;522d56_455c40947ac64b3486f68ed4b023bb06~mv2.jpg,Mini Mandalas,,,30.0,,true,PERCENT,0.0,0,,,Size,DROP_DOWN,4 in (10 cm),,,,,,,,,,,,,,,,,,,,,,,,,,,,,,,,,,
product_f5d45d2b-0c96-c758-ada2-a61255ae2211,Variant,,,,,,,,,true,,,1,,,,,4 in (10 cm),,,,,,,,,,,,,,,,,,,,,,,,,,,,,,,,,,
product_33d01337-ebde-6c8c-8ac2-a4e0eb957d93,Product,Noide,"<p>This Mini Mandala is a limited, hand painted, one of a kind work of art. Its unique laser etched design in engraved into a wooden MDF material then airbrushed, painted, and then covered with 3 coats of crystal clear enamel. They are water resistant but not proof. Great for your alter or those small places on your wall that could use some extra color.</p>",522d56_23e7e5345d83467db0aac5202b2f46ad~mv2.jpg;522d56_1db287a182304091b089e75cc3e5f178~mv2.jpg,Mini Mandalas,,,30.0,,true,PERCENT,0.0,0,,,Size,DROP_DOWN,4 in (10 cm),,,,,,,,,,,,,,,,,,,,,,,,,,,,,,,,,,
product_33d01337-ebde-6c8c-8ac2-a4e0eb957d93,Variant,,,,,,,,,true,,,1,,,,,4 in (10 cm),,,,,,,,,,,,,,,,,,,,,,,,,,,,,,,,,,
product_537cac75-a1a9-1690-8f4c-ca07476c4e69,Product,Uhtara,"<p>This Mini Mandala is a limited, hand painted, one of a kind work of art. Its unique laser etched design in engraved into a wooden MDF material then airbrushed, painted, and then covered with 3 coats of crystal clear enamel. They are water resistant but not proof. Great for your alter or those small places on your wall that could use some extra color.</p>",522d56_5ee140ae775845b5acb44b2550e86cf1~mv2.jpg;522d56_c9f22f37279046898a4fd6f2ac577c90~mv2.jpg,Mini Mandalas,,,30.0,,true,PERCENT,0.0,0,,,Size,DROP_DOWN,4 in (10 cm),,,,,,,,,,,,,,,,,,,,,,,,,,,,,,,,,,
product_537cac75-a1a9-1690-8f4c-ca07476c4e69,Variant,,,,,,,,,true,,,1,,,,,4 in (10 cm),,,,,,,,,,,,,,,,,,,,,,,,,,,,,,,,,,
product_e92e3155-27b0-9fa4-5d82-fe3376c097ec,Product,Mucka,"<p>This Mini Mandala is a limited, hand painted, one of a kind work of art. Its unique laser etched design in engraved into a wooden MDF material then airbrushed, painted, and then covered with 3 coats of crystal clear enamel. They are water resistant but not proof. Great for your alter or those small places on your wall that could use some extra color.</p>",522d56_f713188179ab4d87852134f197f86dde~mv2.jpg;522d56_9364c90474d14c10b04acaf150e8f3ae~mv2.jpg,Mini Mandalas,,,30.0,,true,PERCENT,0.0,0,,,Size,DROP_DOWN,4 in (10 cm),,,,,,,,,,,,,,,,,,,,,,,,,,,,,,,,,,
product_e92e3155-27b0-9fa4-5d82-fe3376c097ec,Variant,,,,,,,,,true,,,1,,,,,4 in (10 cm),,,,,,,,,,,,,,,,,,,,,,,,,,,,,,,,,,
product_1f1efe51-89c8-f630-6c3d-eecb8fe0dcaa,Product,Madra,"<p>This Mini Mandala is a limited, hand painted, one of a kind work of art. Its unique laser etched design in engraved into a wooden MDF material then airbrushed, painted, and then covered with 3 coats of crystal clear enamel. They are water resistant but not proof. Great for your alter or those small places on your wall that could use some extra color.</p>",522d56_ad3e4b6629004d6ea8b948862a1e701b~mv2.jpg;522d56_5d75f4a419db4754abf53e05a8b6d37f~mv2.jpg,Mini Mandalas,,,30.0,,true,PERCENT,0.0,0,,,Size,DROP_DOWN,4 in (10 cm),,,,,,,,,,,,,,,,,,,,,,,,,,,,,,,,,,
product_1f1efe51-89c8-f630-6c3d-eecb8fe0dcaa,Variant,,,,,,,,,true,,,1,,,,,4 in (10 cm),,,,,,,,,,,,,,,,,,,,,,,,,,,,,,,,,,
product_c7a4895c-adf5-23ea-a6e0-a159955f92d9,Product,Naltra,"<p>This Mini Mandala is a limited, hand painted, one of a kind work of art. Its unique laser etched design in engraved into a wooden MDF material then airbrushed, painted, and then covered with 3 coats of crystal clear enamel. They are water resistant but not proof. Great for your alter or those small places on your wall that could use some extra color.</p>",522d56_f0a8dd37f4bd41afbcf65c0da975f208~mv2.jpg;522d56_2a82f1f69c7c4fe897862ac8f1d11a01~mv2.jpg,Mini Mandalas,,,30.0,,true,PERCENT,0.0,0,,,Size,DROP_DOWN,4 in (10 cm),,,,,,,,,,,,,,,,,,,,,,,,,,,,,,,,,,
product_c7a4895c-adf5-23ea-a6e0-a159955f92d9,Variant,,,,,,,,,true,,,1,,,,,4 in (10 cm),,,,,,,,,,,,,,,,,,,,,,,,,,,,,,,,,,
product_046ff5a1-1751-5285-8436-713a9b1bbcd4,Product,Bivou,"<p>This Mini Mandala is a limited, hand painted, one of a kind work of art. Its unique laser etched design in engraved into a wooden MDF material then airbrushed, painted, and then covered with 3 coats of crystal clear enamel. They are water resistant but not proof. Great for your alter or those small places on your wall that could use some extra color.</p>",522d56_570e8348545046dc805f0a9ac861535b~mv2.jpg;522d56_a9c2cff216914ee08a79d44c67666e38~mv2.jpg,Mini Mandalas,,,30.0,,true,PERCENT,0.0,0,,,Size,DROP_DOWN,4 in (10 cm),,,,,,,,,,,,,,,,,,,,,,,,,,,,,,,,,,
product_046ff5a1-1751-5285-8436-713a9b1bbcd4,Variant,,,,,,,,,true,,,1,,,,,4 in (10 cm),,,,,,,,,,,,,,,,,,,,,,,,,,,,,,,,,,
product_16fdbaee-c895-b3ab-a2b7-488ea5de359c,Product,Leido,"<p>This Mini Mandala is a limited, hand painted, one of a kind work of art. Its unique laser etched design in engraved into a wooden MDF material then airbrushed, painted, and then covered with 3 coats of crystal clear enamel. They are water resistant but not proof. Great for your alter or those small places on your wall that could use some extra color.</p>",522d56_b0a071b924be4775a5817be008986356~mv2.jpg;522d56_6001a1eb972a4e0094593d62b8fca5c7~mv2.jpg,Mini Mandalas,,,30.0,,true,PERCENT,0.0,0,,,Size,DROP_DOWN,4 in (10 cm),,,,,,,,,,,,,,,,,,,,,,,,,,,,,,,,,,
product_16fdbaee-c895-b3ab-a2b7-488ea5de359c,Variant,,,,,,,,,true,,,1,,,,,4 in (10 cm),,,,,,,,,,,,,,,,,,,,,,,,,,,,,,,,,,
product_aa492cc5-b972-eb9e-be6c-db48e954033b,Product,Orbi,"<p>This Mini Mandala is a limited, hand painted, one of a kind work of art. Its unique laser etched design in engraved into a wooden MDF material then airbrushed, painted, and then covered with 3 coats of crystal clear enamel. They are water resistant but not proof. Great for your alter or those small places on your wall that could use some extra color.</p>",522d56_612a1bc55f3447c58d4e4ac07e818c6d~mv2.jpg;522d56_6f0b0d8d3a1942f49892bad6f73dc4ef~mv2.jpg,Mini Mandalas,,,30.0,,true,PERCENT,0.0,0,,,Size,DROP_DOWN,4 in (10 cm),,,,,,,,,,,,,,,,,,,,,,,,,,,,,,,,,,
product_aa492cc5-b972-eb9e-be6c-db48e954033b,Variant,,,,,,,,,true,,,1,,,,,4 in (10 cm),,,,,,,,,,,,,,,,,,,,,,,,,,,,,,,,,,
product_f41d2656-e060-9b1a-71d9-cea1d5b12847,Product,Fortu,"<p>This Mini Mandala is a limited, hand painted, one of a kind work of art. Its unique laser etched design in engraved into a wooden MDF material then airbrushed, painted, and then covered with 3 coats of crystal clear enamel. They are water resistant but not proof. Great for your alter or those small places on your wall that could use some extra color.</p>",522d56_6993b25a11cc4236a840fe8aa69c149e~mv2.jpg;522d56_94a72b2eac894197b82abdf7e7b344d0~mv2.jpg,Mini Mandalas,,,30.0,,true,PERCENT,0.0,0,,,Size,DROP_DOWN,4 in (10 cm),,,,,,,,,,,,,,,,,,,,,,,,,,,,,,,,,,
product_f41d2656-e060-9b1a-71d9-cea1d5b12847,Variant,,,,,,,,,true,,,1,,,,,4 in (10 cm),,,,,,,,,,,,,,,,,,,,,,,,,,,,,,,,,,
product_8594b8ca-8c3f-7737-d94a-f2a6e82eac69,Product,Asle,"<p>This Mini Mandala is a limited, hand painted, one of a kind work of art. Its unique laser etched design in engraved into a wooden MDF material then airbrushed, painted, and then covered with 3 coats of crystal clear enamel. They are water resistant but not proof. Great for your alter or those small places on your wall that could use some extra color.</p>",522d56_dfb3df0a38874552930691e97912296f~mv2.jpg;522d56_c4e6c32fcc424820916b3aff5289c922~mv2.jpg,Mini Mandalas,,,30.0,,true,PERCENT,0.0,0,,,Size,DROP_DOWN,4 in (10 cm),,,,,,,,,,,,,,,,,,,,,,,,,,,,,,,,,,
product_8594b8ca-8c3f-7737-d94a-f2a6e82eac69,Variant,,,,,,,,,true,,,1,,,,,4 in (10 cm),,,,,,,,,,,,,,,,,,,,,,,,,,,,,,,,,,
product_f20e8ca5-9fdb-b312-6d81-0d3872fb05d3,Product,Fulge,"<p>This Mini Mandala is a limited, hand painted, one of a kind work of art. Its unique laser etched design in engraved into a wooden MDF material then airbrushed, painted, and then covered with 3 coats of crystal clear enamel. They are water resistant but not proof. Great for your alter or those small places on your wall that could use some extra color.</p>",522d56_f738d242c9554bfb8ccf879a957cb1aa~mv2.jpg;522d56_5a3d62292374436e92b85d57b2551d29~mv2.jpg,Mini Mandalas,,,30.0,,true,PERCENT,0.0,0,,,Size,DROP_DOWN,4 in (10 cm),,,,,,,,,,,,,,,,,,,,,,,,,,,,,,,,,,
product_f20e8ca5-9fdb-b312-6d81-0d3872fb05d3,Variant,,,,,,,,,true,,,0,,,,,4 in (10 cm),,,,,,,,,,,,,,,,,,,,,,,,,,,,,,,,,,
product_0d130b29-3823-70ae-f8c6-403e5b646733,Product,Senra,"<p>This Mini Mandala is a limited, hand painted, one of a kind work of art. Its unique laser etched design in engraved into a wooden MDF material then airbrushed, painted, and then covered with 3 coats of crystal clear enamel. They are water resistant but not proof. Great for your alter or those small places on your wall that could use some extra color.</p>",522d56_9e49d993a74a4170a8ea4f3c1de7335d~mv2.jpg;522d56_d7da2984092f42a8922d7d3b9376b29e~mv2.jpg,Mini Mandalas,,,30.0,,true,PERCENT,0.0,0,,,Size,DROP_DOWN,4 in (10 cm),,,,,,,,,,,,,,,,,,,,,,,,,,,,,,,,,,
product_0d130b29-3823-70ae-f8c6-403e5b646733,Variant,,,,,,,,,true,,,1,,,,,4 in (10 cm),,,,,,,,,,,,,,,,,,,,,,,,,,,,,,,,,,
product_77cb0fe8-be9f-b75e-d592-43d696c5de31,Product,Laoch,"<p>This Mini Mandala is a limited, hand painted, one of a kind work of art. Its unique laser etched design in engraved into a wooden MDF material then airbrushed, painted, and then covered with 3 coats of crystal clear enamel. They are water resistant but not proof. Great for your alter or those small places on your wall that could use some extra color.</p>",522d56_a3844afd2c6d4c949da312c5f1f51030~mv2.jpg;522d56_aebaa325cd844e8c9ad748afd7a84133~mv2.jpg,Mini Mandalas,,,30.0,,true,PERCENT,0.0,0,,,Size,DROP_DOWN,4 in (10 cm),,,,,,,,,,,,,,,,,,,,,,,,,,,,,,,,,,
product_77cb0fe8-be9f-b75e-d592-43d696c5de31,Variant,,,,,,,,,true,,,1,,,,,4 in (10 cm),,,,,,,,,,,,,,,,,,,,,,,,,,,,,,,,,,
product_1818e86d-f1e8-d0af-6605-097f0a721044,Product,Aite,"<p>This Mini Mandala is a limited, hand painted, one of a kind work of art. Its unique laser etched design in engraved into a wooden MDF material then airbrushed, painted, and then covered with 3 coats of crystal clear enamel. They are water resistant but not proof. Great for your alter or those small places on your wall that could use some extra color.</p>",522d56_050975ed8c2841c197294e93e64e4cf8~mv2.jpg;522d56_bb299945088a4d64af565034bcb43584~mv2.jpg,Mini Mandalas,,,30.0,,true,PERCENT,0.0,0,,,Size,DROP_DOWN,4 in (10 cm),,,,,,,,,,,,,,,,,,,,,,,,,,,,,,,,,,
product_1818e86d-f1e8-d0af-6605-097f0a721044,Variant,,,,,,,,,true,,,1,,,,,4 in (10 cm),,,,,,,,,,,,,,,,,,,,,,,,,,,,,,,,,,
product_c5e422d9-00d4-f4f4-8b41-bfdd13ef2813,Product,Adua,"<p>This Mini Mandala is a limited, hand painted, one of a kind work of art. Its unique laser etched design in engraved into a wooden MDF material then airbrushed, painted, and then covered with 3 coats of crystal clear enamel. They are water resistant but not proof. Great for your alter or those small places on your wall that could use some extra color.</p>",522d56_991771e0c52d448a9a24a6f56db8bcf5~mv2.jpg;522d56_873965df25e5410f8564dd03acfc4c59~mv2.jpg,Mini Mandalas,,,30.0,,true,PERCENT,0.0,0,,,Size,DROP_DOWN,4 in (10 cm),,,,,,,,,,,,,,,,,,,,,,,,,,,,,,,,,,
product_c5e422d9-00d4-f4f4-8b41-bfdd13ef2813,Variant,,,,,,,,,true,,,1,,,,,4 in (10 cm),,,,,,,,,,,,,,,,,,,,,,,,,,,,,,,,,,
product_351cf977-5e25-5812-00f0-fd9062ecf2c4,Product,Tasca,"<p>This Mini Mandala is a limited, hand painted, one of a kind work of art. Its unique laser etched design in engraved into a wooden MDF material then airbrushed, painted, and then covered with 3 coats of crystal clear enamel. They are water resistant but not proof. Great for your alter or those small places on your wall that could use some extra color.</p>",522d56_e98db76d99a14afbb430ffec2a1a7a33~mv2.jpg;522d56_2c898c6f39d646e4ad2f5924714e3461~mv2.jpg,Mini Mandalas,,,30.0,,true,PERCENT,0.0,0,,,Size,DROP_DOWN,4 in (10 cm),,,,,,,,,,,,,,,,,,,,,,,,,,,,,,,,,,
product_351cf977-5e25-5812-00f0-fd9062ecf2c4,Variant,,,,,,,,,true,,,1,,,,,4 in (10 cm),,,,,,,,,,,,,,,,,,,,,,,,,,,,,,,,,,
product_fc0b5913-c448-925c-28e3-ff366a253392,Product,Tellu,"<p>This Mini Mandala is a limited, hand painted, one of a kind work of art. Its unique laser etched design in engraved into a wooden MDF material then airbrushed, painted, and then covered with 3 coats of crystal clear enamel. They are water resistant but not proof. Great for your alter or those small places on your wall that could use some extra color.</p>",522d56_5a79f4d879414e4db3c64a16f3613e34~mv2.jpg;522d56_97d1207a758047569f1ed1a29bb303d1~mv2.jpg,Mini Mandalas,,,30.0,,true,PERCENT,0.0,0,,,Size,DROP_DOWN,4 in (10 cm),,,,,,,,,,,,,,,,,,,,,,,,,,,,,,,,,,
product_fc0b5913-c448-925c-28e3-ff366a253392,Variant,,,,,,,,,true,,,1,,,,,4 in (10 cm),,,,,,,,,,,,,,,,,,,,,,,,,,,,,,,,,,
product_2ab5a928-9c0c-bb83-d6d5-283fdb61c6f4,Product,Yuflo,"<p>This Mini Mandala is a limited, hand painted, one of a kind work of art. Its unique laser etched design in engraved into a wooden MDF material then airbrushed, painted, and then covered with 3 coats of crystal clear enamel. They are water resistant but not proof. Great for your alter or those small places on your wall that could use some extra color.</p>",522d56_a4870fd4d98a4b52bd126a3aca9921f0~mv2.jpg;522d56_7c8a92e2b15f472d8d6945a54f8c6070~mv2.jpg,Mini Mandalas,,,30.0,,true,PERCENT,0.0,0,,,Size,DROP_DOWN,4 in (10 cm),,,,,,,,,,,,,,,,,,,,,,,,,,,,,,,,,,
product_2ab5a928-9c0c-bb83-d6d5-283fdb61c6f4,Variant,,,,,,,,,true,,,1,,,,,4 in (10 cm),,,,,,,,,,,,,,,,,,,,,,,,,,,,,,,,,,
product_30e78a11-a2a5-83cb-c267-abe30e6175d5,Product,Feyra,"<p>This Mini Mandala is a limited, hand painted, one of a kind work of art. Its unique laser etched design in engraved into a wooden MDF material then airbrushed, painted, and then covered with 3 coats of crystal clear enamel. They are water resistant but not proof. Great for your alter or those small places on your wall that could use some extra color.</p>",522d56_4d9d53e0c58444a996ec7992c61af040~mv2.jpg;522d56_2b41e668882e4a40bf8192578fc9b262~mv2.jpg,Mini Mandalas,,,30.0,,true,PERCENT,0.0,0,,,Size,DROP_DOWN,4 in (10 cm),,,,,,,,,,,,,,,,,,,,,,,,,,,,,,,,,,
product_30e78a11-a2a5-83cb-c267-abe30e6175d5,Variant,,,,,,,,,true,,,1,,,,,4 in (10 cm),,,,,,,,,,,,,,,,,,,,,,,,,,,,,,,,,,
product_3bdc7200-fd94-a6d2-7008-25b40ec7fe4d,Product,Plore,"<p>This Mini Mandala is a limited, hand painted, one of a kind work of art. Its unique laser etched design in engraved into a wooden MDF material then airbrushed, painted, and then covered with 3 coats of crystal clear enamel. They are water resistant but not proof. Great for your alter or those small places on your wall that could use some extra color.</p>",522d56_114f9108489046fcbeb4c5e46ade95c1~mv2.jpg;522d56_88497c9f0ff647beb8d748c795b63249~mv2.jpg,Mini Mandalas,,,30.0,,true,PERCENT,0.0,0,,,Size,DROP_DOWN,4 in (10 cm),,,,,,,,,,,,,,,,,,,,,,,,,,,,,,,,,,
product_3bdc7200-fd94-a6d2-7008-25b40ec7fe4d,Variant,,,,,,,,,true,,,1,,,,,4 in (10 cm),,,,,,,,,,,,,,,,,,,,,,,,,,,,,,,,,,
product_a652f0f4-4c2c-e60b-d81c-cb4c482ea801,Product,Sulva,"<p>This Mini Mandala is a limited, hand painted, one of a kind work of art. Its unique laser etched design in engraved into a wooden MDF material then airbrushed, painted, and then covered with 3 coats of crystal clear enamel. They are water resistant but not proof. Great for your alter or those small places on your wall that could use some extra color.</p>",522d56_040152e78b9e49fdb6f827dc42d604b0~mv2.jpg;522d56_0b0a506a0a854bfc9d983fa82ec3f894~mv2.jpg,Mini Mandalas,,,30.0,,true,PERCENT,0.0,0,,,Size,DROP_DOWN,4 in (10 cm),,,,,,,,,,,,,,,,,,,,,,,,,,,,,,,,,,
product_a652f0f4-4c2c-e60b-d81c-cb4c482ea801,Variant,,,,,,,,,true,,,1,,,,,4 in (10 cm),,,,,,,,,,,,,,,,,,,,,,,,,,,,,,,,,,
product_58cd6038-cb76-7159-abe4-0c3b73990a6f,Product,Maora,"<p>This Mini Mandala is a limited, hand painted, one of a kind work of art. Its unique laser etched design in engraved into a wooden MDF material then airbrushed, painted, and then covered with 3 coats of crystal clear enamel. They are water resistant but not proof. Great for your alter or those small places on your wall that could use some extra color.</p>",522d56_f057d0a810bb48ebb1cca754727e3434~mv2.jpg;522d56_b2518902d68c4fca9ebcac5f282a9917~mv2.jpg,Mini Mandalas,,,30.0,,true,PERCENT,0.0,0,,,Size,DROP_DOWN,4 in (10 cm),,,,,,,,,,,,,,,,,,,,,,,,,,,,,,,,,,
product_58cd6038-cb76-7159-abe4-0c3b73990a6f,Variant,,,,,,,,,true,,,1,,,,,4 in (10 cm),,,,,,,,,,,,,,,,,,,,,,,,,,,,,,,,,,
product_89b77793-8356-e54e-2bff-7754aa0ae57c,Product,Maltro,"<p>This Mini Mandala is a limited, hand painted, one of a kind work of art. Its unique laser etched design in engraved into a wooden MDF material then airbrushed, painted, and then covered with 3 coats of crystal clear enamel. They are water resistant but not proof. Great for your alter or those small places on your wall that could use some extra color.</p>",522d56_1792d802f312497b883d18cb36940078~mv2.jpg;522d56_91b3177666d84638b1671206a99f063f~mv2.jpg,Mini Mandalas,,,30.0,,true,PERCENT,0.0,0,,,Size,DROP_DOWN,4 in (10 cm),,,,,,,,,,,,,,,,,,,,,,,,,,,,,,,,,,
product_89b77793-8356-e54e-2bff-7754aa0ae57c,Variant,,,,,,,,,true,,,1,,,,,4 in (10 cm),,,,,,,,,,,,,,,,,,,,,,,,,,,,,,,,,,
product_1d1adabc-985e-a33f-b941-c4c29080a1c9,Product,Noya,"<p>This Mini Mandala is a limited, hand painted, one of a kind work of art. Its unique laser etched design in engraved into a wooden MDF material then airbrushed, painted, and then covered with 3 coats of crystal clear enamel. They are water resistant but not proof. Great for your alter or those small places on your wall that could use some extra color.</p>",522d56_ed8f4804ee5746bab6e380d2efaa9afb~mv2.jpg;522d56_528e543f521a4ec7ae30ae00df9f5d23~mv2.jpg,Mini Mandalas,,,30.0,,true,PERCENT,0.0,0,,,Size,DROP_DOWN,4 in (10 cm),,,,,,,,,,,,,,,,,,,,,,,,,,,,,,,,,,
product_1d1adabc-985e-a33f-b941-c4c29080a1c9,Variant,,,,,,,,,true,,,1,,,,,4 in (10 cm),,,,,,,,,,,,,,,,,,,,,,,,,,,,,,,,,,
product_a4f5c11d-17f8-03c5-f374-570e6ced59c3,Product,Safu,"<p>This Mini Mandala is a limited, hand painted, one of a kind work of art. Its unique laser etched design in engraved into a wooden MDF material then airbrushed, painted, and then covered with 3 coats of crystal clear enamel. They are water resistant but not proof. Great for your alter or those small places on your wall that could use some extra color.</p>",522d56_a13af749cf914b3a946e5a7eb5fd9474~mv2.jpg;522d56_6331cf9d278a4c2cbd3d900a34037d4d~mv2.jpg,Mini Mandalas,,,30.0,,true,PERCENT,0.0,0,,,Size,DROP_DOWN,4 in (10 cm),,,,,,,,,,,,,,,,,,,,,,,,,,,,,,,,,,
product_a4f5c11d-17f8-03c5-f374-570e6ced59c3,Variant,,,,,,,,,true,,,1,,,,,4 in (10 cm),,,,,,,,,,,,,,,,,,,,,,,,,,,,,,,,,,
product_c1c2e11d-aa3c-6334-a4c7-4665fa50d172,Product,Domrra,"<p>This Mini Mandala is a limited, hand painted, one of a kind work of art. Its unique laser etched design in engraved into a wooden MDF material then airbrushed, painted, and then covered with 3 coats of crystal clear enamel. They are water resistant but not proof. Great for your alter or those small places on your wall that could use some extra color.</p>",522d56_71fcbaea3ec7447cbb2d8c327542525b~mv2.jpg;522d56_4ee266ca62e4404a8bb69cec7cea4f91~mv2.jpg,Mini Mandalas,,,30.0,,true,PERCENT,0.0,0,,,Size,DROP_DOWN,4 in (10 cm),,,,,,,,,,,,,,,,,,,,,,,,,,,,,,,,,,
product_c1c2e11d-aa3c-6334-a4c7-4665fa50d172,Variant,,,,,,,,,true,,,1,,,,,4 in (10 cm),,,,,,,,,,,,,,,,,,,,,,,,,,,,,,,,,,
product_a42f5050-5d64-1f2f-4794-004e1058b0dc,Product,Guvtra,"<p>This Mini Mandala is a limited, hand painted, one of a kind work of art. Its unique laser etched design in engraved into a wooden MDF material then airbrushed, painted, and then covered with 3 coats of crystal clear enamel. They are water resistant but not proof. Great for your alter or those small places on your wall that could use some extra color.</p>",522d56_aa630dde7ecc4aa9a8e88187c1780f99~mv2.jpg;522d56_025552445545428eaef5f7b904133924~mv2.jpg,Mini Mandalas,,,30.0,,true,PERCENT,0.0,0,,,Size,DROP_DOWN,4 in (10 cm),,,,,,,,,,,,,,,,,,,,,,,,,,,,,,,,,,
product_a42f5050-5d64-1f2f-4794-004e1058b0dc,Variant,,,,,,,,,true,,,1,,,,,4 in (10 cm),,,,,,,,,,,,,,,,,,,,,,,,,,,,,,,,,,
product_49a6dd98-16a7-8bad-a9f8-3d06e2d4567a,Product,Duvra,"<p>This Mini Mandala is a limited, hand painted, one of a kind work of art. Its unique laser etched design in engraved into a wooden MDF material then airbrushed, painted, and then covered with 3 coats of crystal clear enamel. They are water resistant but not proof. Great for your alter or those small places on your wall that could use some extra color.</p>",522d56_42615ab35c324626a386089b5722a0d7~mv2.jpg;522d56_3b5f567f323445659fbb007805117f13~mv2.jpg,Mini Mandalas,,,30.0,,true,PERCENT,0.0,0,,,Size,DROP_DOWN,4 in (10 cm),,,,,,,,,,,,,,,,,,,,,,,,,,,,,,,,,,
product_49a6dd98-16a7-8bad-a9f8-3d06e2d4567a,Variant,,,,,,,,,true,,,1,,,,,4 in (10 cm),,,,,,,,,,,,,,,,,,,,,,,,,,,,,,,,,,
product_f1cbab32-8414-5a15-9f53-463002f7f27f,Product,Kuttra,"<p>This Mini Mandala is a limited, hand painted, one of a kind work of art. Its unique laser etched design in engraved into a wooden MDF material then airbrushed, painted, and then covered with 3 coats of crystal clear enamel. They are water resistant but not proof. Great for your alter or those small places on your wall that could use some extra color.</p>",522d56_fbb5dc11a44842f585084f2ee65c5a3d~mv2.jpg;522d56_4fecd6dd1e114aea96372aa5ee26e367~mv2.jpg,Mini Mandalas,,,30.0,,false,PERCENT,0.0,0,,,Size,DROP_DOWN,4 in (10 cm),,,,,,,,,,,,,,,,,,,,,,,,,,,,,,,,,,
product_f1cbab32-8414-5a15-9f53-463002f7f27f,Variant,,,,,,,,,true,,,1,,,,,4 in (10 cm),,,,,,,,,,,,,,,,,,,,,,,,,,,,,,,,,,
product_c39f9db6-4a72-bf6c-1745-ce21af40f6cb,Product,Econ,"<p>This Mini Mandala is a limited, hand painted, one of a kind work of art. Its unique laser etched design in engraved into a wooden MDF material then airbrushed, painted, and then covered with 3 coats of crystal clear enamel. They are water resistant but not proof. Great for your alter or those small places on your wall that could use some extra color.</p>",522d56_c961502f617240129b5e4a2f29667775~mv2.jpg;522d56_6e381fe0edde47148b2bd819b85505af~mv2.jpg,Mini Mandalas,,,30.0,,true,PERCENT,0.0,0,,,Size,DROP_DOWN,4 in (10 cm),,,,,,,,,,,,,,,,,,,,,,,,,,,,,,,,,,
product_c39f9db6-4a72-bf6c-1745-ce21af40f6cb,Variant,,,,,,,,,true,,,1,,,,,4 in (10 cm),,,,,,,,,,,,,,,,,,,,,,,,,,,,,,,,,,
product_82a051c9-42db-5529-71e2-6394fba0a757,Product,Siga,"<p>This Mini Mandala is a limited, hand painted, one of a kind work of art. Its unique laser etched design in engraved into a wooden MDF material then airbrushed, painted, and then covered with 3 coats of crystal clear enamel. They are water resistant but not proof. Great for your alter or those small places on your wall that could use some extra color.</p>",522d56_49ad8cdaef4d4c40b38d57f2f9d0e0a3~mv2.jpg;522d56_664ec4cdd33f49d6b80d629065de5088~mv2.jpg,Mini Mandalas,,,30.0,,true,PERCENT,0.0,0,,,Size,DROP_DOWN,4 in (10 cm),,,,,,,,,,,,,,,,,,,,,,,,,,,,,,,,,,
product_82a051c9-42db-5529-71e2-6394fba0a757,Variant,,,,,,,,,true,,,1,,,,,4 in (10 cm),,,,,,,,,,,,,,,,,,,,,,,,,,,,,,,,,,
product_8f348ef8-bf3e-800d-4c52-d14cbd7fff1e,Product,Cora,"<p>This Mini Mandala is a limited, hand painted, one of a kind work of art. Its unique laser etched design in engraved into a wooden MDF material then airbrushed, painted, and then covered with 3 coats of crystal clear enamel. They are water resistant but not proof. Great for your alter or those small places on your wall that could use some extra color.</p>",522d56_35a683d398f64efab27d9059e21b56b9~mv2.jpg;522d56_41990dcc83b548f6b7a6141ddf38a2d2~mv2.jpg,Mini Mandalas,,,30.0,,true,PERCENT,0.0,0,,,Size,DROP_DOWN,4 in (10 cm),,,,,,,,,,,,,,,,,,,,,,,,,,,,,,,,,,
product_8f348ef8-bf3e-800d-4c52-d14cbd7fff1e,Variant,,,,,,,,,true,,,1,,,,,4 in (10 cm),,,,,,,,,,,,,,,,,,,,,,,,,,,,,,,,,,
product_9d115ce4-a639-8344-3084-f047e51a8e6c,Product,Rixtron,"<p>This Mini Mandala is a limited, hand painted, one of a kind work of art. Its unique laser etched design in engraved into a wooden MDF material then airbrushed, painted, and then covered with 3 coats of crystal clear enamel. They are water resistant but not proof. Great for your alter or those small places on your wall that could use some extra color.</p>",522d56_5624107eb912482691caed4c0c38c259~mv2.jpg;522d56_8505a17426874c4a8a8648bdf144de8a~mv2.jpg,Mini Mandalas,,,30.0,,true,PERCENT,0.0,0,,,Size,DROP_DOWN,4 in (10 cm),,,,,,,,,,,,,,,,,,,,,,,,,,,,,,,,,,
product_9d115ce4-a639-8344-3084-f047e51a8e6c,Variant,,,,,,,,,true,,,1,,,,,4 in (10 cm),,,,,,,,,,,,,,,,,,,,,,,,,,,,,,,,,,
product_942012e9-461c-43c9-5449-22cd1f53cdf3,Product,Sico,"<p>This Mini Mandala is a limited, hand painted, one of a kind work of art. Its unique laser etched design in engraved into a wooden MDF material then airbrushed, painted, and then covered with 3 coats of crystal clear enamel. They are water resistant but not proof. Great for your alter or those small places on your wall that could use some extra color.</p>",522d56_80e891411bd64f0190f04a5519752a08~mv2.jpg;522d56_9f3db287c6294bbba5659efd137bf598~mv2.jpg,Mini Mandalas,,,30.0,,true,PERCENT,0.0,0,,,Size,DROP_DOWN,4 in (10 cm),,,,,,,,,,,,,,,,,,,,,,,,,,,,,,,,,,
product_942012e9-461c-43c9-5449-22cd1f53cdf3,Variant,,,,,,,,,true,,,0,,,,,4 in (10 cm),,,,,,,,,,,,,,,,,,,,,,,,,,,,,,,,,,
product_6d298ca7-e8ed-c7b0-8d2d-5693c5a3ec56,Product,Matra,"<p>This Mini Mandala is a limited, hand painted, one of a kind work of art. Its unique laser etched design in engraved into a wooden MDF material then airbrushed, painted, and then covered with 3 coats of crystal clear enamel. They are water resistant but not proof. Great for your alter or those small places on your wall that could use some extra color.</p>",522d56_7e19d02177b94da79d3e71edefcbff68~mv2.jpg;522d56_f5a20348c794496a81973a3cedc32c52~mv2.jpg,Mini Mandalas,,,30.0,,true,PERCENT,0.0,0,,,Size,DROP_DOWN,4 in (10 cm),,,,,,,,,,,,,,,,,,,,,,,,,,,,,,,,,,
product_6d298ca7-e8ed-c7b0-8d2d-5693c5a3ec56,Variant,,,,,,,,,true,,,1,,,,,4 in (10 cm),,,,,,,,,,,,,,,,,,,,,,,,,,,,,,,,,,
product_bf9ff69c-979f-8a04-6b8f-40b50599446b,Product,Outra,"<p>This Mini Mandala is a limited, hand painted, one of a kind work of art. Its unique laser etched design in engraved into a wooden MDF material then airbrushed, painted, and then covered with 3 coats of crystal clear enamel. They are water resistant but not proof. Great for your alter or those small places on your wall that could use some extra color.</p>",522d56_4cd68685faa24a2c9d42b6e7420c5e83~mv2.jpg;522d56_b1df3affac2c46c6bf80378036be2df5~mv2.jpg,Mini Mandalas,,,30.0,,true,PERCENT,0.0,0,,,Size,DROP_DOWN,4 in (10 cm),,,,,,,,,,,,,,,,,,,,,,,,,,,,,,,,,,
product_bf9ff69c-979f-8a04-6b8f-40b50599446b,Variant,,,,,,,,,true,,,1,,,,,4 in (10 cm),,,,,,,,,,,,,,,,,,,,,,,,,,,,,,,,,,
product_90db0a66-44c1-4004-d347-87de7444a5c2,Product,Oura,"<p>This Mini Mandala is a limited, hand painted, one of a kind work of art. Its unique laser etched design in engraved into a wooden MDF material then airbrushed, painted, and then covered with 3 coats of crystal clear enamel. They are water resistant but not proof. Great for your alter or those small places on your wall that could use some extra color.</p>",522d56_80f3d37cbb4d4f2a849477bd8051d9b1~mv2.jpg;522d56_37466b8985d8428c964739e2d5551774~mv2.jpg,Mini Mandalas,,,30.0,,true,PERCENT,0.0,0,,,Size,DROP_DOWN,4 in (10 cm),,,,,,,,,,,,,,,,,,,,,,,,,,,,,,,,,,
product_90db0a66-44c1-4004-d347-87de7444a5c2,Variant,,,,,,,,,true,,,1,,,,,4 in (10 cm),,,,,,,,,,,,,,,,,,,,,,,,,,,,,,,,,,
product_be2eac13-821e-b8ca-bac8-9394a66b5e3e,Product,Zalea,"<p>This Mini Mandala is a limited, hand painted, one of a kind work of art. Its unique laser etched design in engraved into a wooden MDF material then airbrushed, painted, and then covered with 3 coats of crystal clear enamel. They are water resistant but not proof. Great for your alter or those small places on your wall that could use some extra color.</p>",522d56_4aa027bad33c46d8ad114faecafc8429~mv2.jpg;522d56_98a92c61344c410bb21db8e7f88909b6~mv2.jpg,Mini Mandalas,,,30.0,,true,PERCENT,0.0,0,,,Size,DROP_DOWN,4 in (10 cm),,,,,,,,,,,,,,,,,,,,,,,,,,,,,,,,,,
product_be2eac13-821e-b8ca-bac8-9394a66b5e3e,Variant,,,,,,,,,true,,,1,,,,,4 in (10 cm),,,,,,,,,,,,,,,,,,,,,,,,,,,,,,,,,,
product_f9bbab9e-d361-2f9f-10ef-2a8b4e63f86b,Product,Suya,"<p>This Mini Mandala is a limited, hand painted, one of a kind work of art. Its unique laser etched design in engraved into a wooden MDF material then airbrushed, painted, and then covered with 3 coats of crystal clear enamel. They are water resistant but not proof. Great for your alter or those small places on your wall that could use some extra color.</p>",522d56_041dc97ff1804cc2b2b38f803be7b746~mv2.jpg;522d56_e9b83a2cbc1d4a468eb8580f48f6977d~mv2.jpg,Mini Mandalas,,,30.0,,false,PERCENT,0.0,0,,,Size,DROP_DOWN,4 in (10 cm),,,,,,,,,,,,,,,,,,,,,,,,,,,,,,,,,,
product_f9bbab9e-d361-2f9f-10ef-2a8b4e63f86b,Variant,,,,,,,,,true,,,1,,,,,4 in (10 cm),,,,,,,,,,,,,,,,,,,,,,,,,,,,,,,,,,
product_f6bf6016-68b2-640b-7395-5914bb441b85,Product,Nala,"<p>This Mini Mandala is a limited, hand painted, one of a kind work of art. Its unique laser etched design in engraved into a wooden MDF material then airbrushed, painted, and then covered with 3 coats of crystal clear enamel. They are water resistant but not proof. Great for your alter or those small places on your wall that could use some extra color.</p>",522d56_02b289bea8754ed6b0738ce83870d26b~mv2.jpg;522d56_44a5411552b44a4eb1b8c25756070f67~mv2.jpg,Mini Mandalas,,,30.0,,true,PERCENT,0.0,0,,,Size,DROP_DOWN,4 in (10 cm),,,,,,,,,,,,,,,,,,,,,,,,,,,,,,,,,,
product_f6bf6016-68b2-640b-7395-5914bb441b85,Variant,,,,,,,,,true,,,1,,,,,4 in (10 cm),,,,,,,,,,,,,,,,,,,,,,,,,,,,,,,,,,
product_b2f2b0d6-4b43-4ee6-ffbd-4097a404128e,Product,Ivon,"<p>This Mini Mandala is a limited, hand painted, one of a kind work of art. Its unique laser etched design in engraved into a wooden MDF material then airbrushed, painted, and then covered with 3 coats of crystal clear enamel. They are water resistant but not proof. Great for your alter or those small places on your wall that could use some extra color.</p>",522d56_a688a239f9b74059ad91d5d408acdb35~mv2.jpg;522d56_59681facb2e34df28ec074f976b08585~mv2.jpg,Mini Mandalas,,,30.0,,true,PERCENT,0.0,0,,,Size,DROP_DOWN,4 in (10 cm),,,,,,,,,,,,,,,,,,,,,,,,,,,,,,,,,,
product_b2f2b0d6-4b43-4ee6-ffbd-4097a404128e,Variant,,,,,,,,,true,,,1,,,,,4 in (10 cm),,,,,,,,,,,,,,,,,,,,,,,,,,,,,,,,,,
product_56dc5f41-139c-9da5-c143-53424ae3c3f3,Product,Luii,"<p>This Mini Mandala is a limited, hand painted, one of a kind work of art. Its unique laser etched design in engraved into a wooden MDF material then airbrushed, painted, and then covered with 3 coats of crystal clear enamel. They are water resistant but not proof. Great for your alter or those small places on your wall that could use some extra color.</p>",522d56_fe7ead1080ef43e38fa3998b114b353c~mv2.jpg;522d56_43a1aa9adeed492a8f73a29578101bd5~mv2.jpg,Mini Mandalas,,,30.0,,true,PERCENT,0.0,0,,,Size,DROP_DOWN,4 in (10 cm),,,,,,,,,,,,,,,,,,,,,,,,,,,,,,,,,,
product_56dc5f41-139c-9da5-c143-53424ae3c3f3,Variant,,,,,,,,,true,,,1,,,,,4 in (10 cm),,,,,,,,,,,,,,,,,,,,,,,,,,,,,,,,,,
product_da35ffcd-edc3-be0b-7a80-c9d92629da9f,Product,Myla,"<p>This Mini Mandala is a limited, hand painted, one of a kind work of art. Its unique laser etched design in engraved into a wooden MDF material then airbrushed, painted, and then covered with 3 coats of crystal clear enamel. They are water resistant but not proof. Great for your alter or those small places on your wall that could use some extra color.</p>",522d56_9d13f850363e40b185833896b8335ba1~mv2.jpg;522d56_d60b522d047548548a4248d75771cffa~mv2.jpg,Mini Mandalas,,,30.0,,true,PERCENT,0.0,0,,,Size,DROP_DOWN,4 in (10 cm),,,,,,,,,,,,,,,,,,,,,,,,,,,,,,,,,,
product_da35ffcd-edc3-be0b-7a80-c9d92629da9f,Variant,,,,,,,,,true,,,1,,,,,4 in (10 cm),,,,,,,,,,,,,,,,,,,,,,,,,,,,,,,,,,
product_87fe8597-4fec-0002-319b-e323d7aaada4,Product,Lora,"<p>This Mini Mandala is a limited, hand painted, one of a kind work of art. Its unique laser etched design in engraved into a wooden MDF material then airbrushed, painted, and then covered with 3 coats of crystal clear enamel. They are water resistant but not proof. Great for your alter or those small places on your wall that could use some extra color.</p>",522d56_03b46873ba8a4577947023656c3de667~mv2.jpg;522d56_24a5335f95754c35830fa203305b36d6~mv2.jpg,Mini Mandalas,,,30.0,,true,PERCENT,0.0,0,,,Size,DROP_DOWN,4 in (10 cm),,,,,,,,,,,,,,,,,,,,,,,,,,,,,,,,,,
product_87fe8597-4fec-0002-319b-e323d7aaada4,Variant,,,,,,,,,true,,,1,,,,,4 in (10 cm),,,,,,,,,,,,,,,,,,,,,,,,,,,,,,,,,,
product_4ea7ede5-9bf9-2eda-9a6c-5f7f1a54d4e0,Product,Kyra,"<p>This Mini Mandala is a limited, hand painted, one of a kind work of art. Its unique laser etched design in engraved into a wooden MDF material then airbrushed, painted, and then covered with 3 coats of crystal clear enamel. They are water resistant but not proof. Great for your alter or those small places on your wall that could use some extra color.</p>",522d56_a5e4105b1acf48a681819256b58d6b0d~mv2.jpg;522d56_9762520d44ef446290fbb0ac5e884590~mv2.jpg,Mini Mandalas,,,30.0,,true,PERCENT,0.0,0,,,Size,DROP_DOWN,4 in (10 cm),,,,,,,,,,,,,,,,,,,,,,,,,,,,,,,,,,
product_4ea7ede5-9bf9-2eda-9a6c-5f7f1a54d4e0,Variant,,,,,,,,,true,,,1,,,,,4 in (10 cm),,,,,,,,,,,,,,,,,,,,,,,,,,,,,,,,,,
product_2708d000-ce5b-bfd1-04f8-549de491b284,Product,Enos,"<p>This Mini Mandala is a limited, hand painted, one of a kind work of art. Its unique laser etched design in engraved into a wooden MDF material then airbrushed, painted, and then covered with 3 coats of crystal clear enamel. They are water resistant but not proof. Great for your alter or those small places on your wall that could use some extra color.</p>",522d56_ae0ff246a34b43fdaf2d640744230b6f~mv2.jpg;522d56_a36099554dec4fdbbb11507c49dbd4a7~mv2.jpg,Mini Mandalas,,,30.0,,false,PERCENT,0.0,0,,,Size,DROP_DOWN,4 in (10 cm),,,,,,,,,,,,,,,,,,,,,,,,,,,,,,,,,,
product_2708d000-ce5b-bfd1-04f8-549de491b284,Variant,,,,,,,,,true,,,1,,,,,4 in (10 cm),,,,,,,,,,,,,,,,,,,,,,,,,,,,,,,,,,
product_1980c5cb-59b8-a9d6-15ad-70209cfcdf9d,Product,Evon,"<p>This Mini Mandala is a limited, hand painted, one of a kind work of art. Its unique laser etched design in engraved into a wooden MDF material then airbrushed, painted, and then covered with 3 coats of crystal clear enamel. They are water resistant but not proof. Great for your alter or those small places on your wall that could use some extra color.</p>",522d56_501154bfeacf45c9b373a91357075d96~mv2.jpg;522d56_75c7bba4da7c404592239f340864fa42~mv2.jpg,Mini Mandalas,,,30.0,,true,PERCENT,0.0,0,,,Size,DROP_DOWN,4 in (10 cm),,,,,,,,,,,,,,,,,,,,,,,,,,,,,,,,,,
product_1980c5cb-59b8-a9d6-15ad-70209cfcdf9d,Variant,,,,,,,,,true,,,1,,,,,4 in (10 cm),,,,,,,,,,,,,,,,,,,,,,,,,,,,,,,,,,
product_3d8a1e1e-0db8-7cdd-d9cc-54e2eecbe0af,Product,Exa,"<p>This Mini Mandala is a limited, hand painted, one of a kind work of art. Its unique laser etched design in engraved into a wooden MDF material then airbrushed, painted, and then covered with 3 coats of crystal clear enamel. They are water resistant but not proof. Great for your alter or those small places on your wall that could use some extra color.</p>",522d56_3bed4d12b27a4fb4a642782e286f41d2~mv2.jpg;522d56_50dbd10a7a1b4d57b4ea17a67eaad7d0~mv2.jpg,Mini Mandalas,,,30.0,,true,PERCENT,0.0,0,,,Size,DROP_DOWN,4 in (10 cm),,,,,,,,,,,,,,,,,,,,,,,,,,,,,,,,,,
product_3d8a1e1e-0db8-7cdd-d9cc-54e2eecbe0af,Variant,,,,,,,,,true,,,1,,,,,4 in (10 cm),,,,,,,,,,,,,,,,,,,,,,,,,,,,,,,,,,
product_eba5a985-1acb-d540-65c7-f92c7562a1be,Product,Cileo,"<p>This Mini Mandala is a limited, hand painted, one of a kind work of art. Its unique laser etched design in engraved into a wooden MDF material then airbrushed, painted, and then covered with 3 coats of crystal clear enamel. They are water resistant but not proof. Great for your alter or those small places on your wall that could use some extra color.</p>",522d56_3ce19efbdd1c4ca48856e39ff8d2acca~mv2.jpg;522d56_2990639048514fa38357adc80cf99443~mv2.jpg,Mini Mandalas,,,30.0,,true,PERCENT,0.0,0,,,Size,DROP_DOWN,4 in (10 cm),,,,,,,,,,,,,,,,,,,,,,,,,,,,,,,,,,
product_eba5a985-1acb-d540-65c7-f92c7562a1be,Variant,,,,,,,,,true,,,1,,,,,4 in (10 cm),,,,,,,,,,,,,,,,,,,,,,,,,,,,,,,,,,
product_aa06eefd-60e2-c908-b702-221433b6da0e,Product,Alva,"<p>This Mini Mandala is a limited, hand painted, one of a kind work of art. Its unique laser etched design in engraved into a wooden MDF material then airbrushed, painted, and then covered with 3 coats of crystal clear enamel. They are water resistant but not proof. Great for your alter or those small places on your wall that could use some extra color.</p>",522d56_6a7909a4a97a45e59b085d0cf2638d25~mv2.jpg;522d56_c24c6d04679d4b929793d2d07df27e05~mv2.jpg,Mini Mandalas,,,30.0,,true,PERCENT,0.0,0,,,Size,DROP_DOWN,4 in (10 cm),,,,,,,,,,,,,,,,,,,,,,,,,,,,,,,,,,
product_aa06eefd-60e2-c908-b702-221433b6da0e,Variant,,,,,,,,,true,,,1,,,,,4 in (10 cm),,,,,,,,,,,,,,,,,,,,,,,,,,,,,,,,,,
product_821eb315-138e-03b2-064b-8d5843f8d90e,Product,Axton,"<p>This Mini Mandala is a limited, hand painted, one of a kind work of art. Its unique laser etched design in engraved into a wooden MDF material then airbrushed, painted, and then covered with 3 coats of crystal clear enamel. They are water resistant but not proof. Great for your alter or those small places on your wall that could use some extra color.</p>",522d56_3d22e3f4fc8741b2945a76d7e2b48b2d~mv2.jpg;522d56_a9a0d979703a47cf9b4cfe20643bc271~mv2.jpg,Mini Mandalas,,,30.0,,true,PERCENT,0.0,0,,,Size,DROP_DOWN,4 in (10 cm),,,,,,,,,,,,,,,,,,,,,,,,,,,,,,,,,,
product_821eb315-138e-03b2-064b-8d5843f8d90e,Variant,,,,,,,,,true,,,1,,,,,4 in (10 cm),,,,,,,,,,,,,,,,,,,,,,,,,,,,,,,,,,
product_fbc668e4-f813-ab8a-5eee-ec578741fa43,Product,Moshee,"<p>This Mini Mandala is a limited, hand painted, one of a kind work of art. Its unique laser etched design in engraved into a wooden MDF material then airbrushed, painted, and then covered with 3 coats of crystal clear enamel. They are water resistant but not proof. Great for your alter or those small places on your wall that could use some extra color.</p>",522d56_30be0590bd724d08b81d4d05a9d6a223~mv2.jpg;522d56_5b079b903107411ebe530ece4c6f4f1d~mv2.jpg,Mini Mandalas,,,30.0,,true,PERCENT,0.0,0,,,Size,DROP_DOWN,4 in (10 cm),,,,,,,,,,,,,,,,,,,,,,,,,,,,,,,,,,
product_fbc668e4-f813-ab8a-5eee-ec578741fa43,Variant,,,,,,,,,true,,,1,,,,,4 in (10 cm),,,,,,,,,,,,,,,,,,,,,,,,,,,,,,,,,,
product_937b9d21-e5fb-e10e-f7dc-68f3bb80f9a8,Product,Anson,"<p>This Mini Mandala is a limited, hand painted, one of a kind work of art. Its unique laser etched design in engraved into a wooden MDF material then airbrushed, painted, and then covered with 3 coats of crystal clear enamel. They are water resistant but not proof. Great for your alter or those small places on your wall that could use some extra color.</p>",522d56_684e17bf6f0e4989b5db59c772f69807~mv2.jpg;522d56_3b066920e5b742c28e9f26004814c3b4~mv2.jpg,Mini Mandalas,,,30.0,,true,PERCENT,0.0,0,,,Size,DROP_DOWN,4 in (10 cm),,,,,,,,,,,,,,,,,,,,,,,,,,,,,,,,,,
product_937b9d21-e5fb-e10e-f7dc-68f3bb80f9a8,Variant,,,,,,,,,true,,,1,,,,,4 in (10 cm),,,,,,,,,,,,,,,,,,,,,,,,,,,,,,,,,,
product_0122618c-e2a9-bef9-6ef9-4c0bf34098fc,Product,Moii,"<p>This Mini Mandala is a limited, hand painted, one of a kind work of art. Its unique laser etched design in engraved into a wooden MDF material then airbrushed, painted, and then covered with 3 coats of crystal clear enamel. They are water resistant but not proof. Great for your alter or those small places on your wall that could use some extra color.</p>",522d56_ae6559e4b09a4c8bb9eba6669ebeca94~mv2.jpg;522d56_4a0beca7a4884da3891e4494845b1d28~mv2.jpg,Mini Mandalas,,,30.0,,false,PERCENT,0.0,0,,,Size,DROP_DOWN,4 in (10 cm),,,,,,,,,,,,,,,,,,,,,,,,,,,,,,,,,,
product_0122618c-e2a9-bef9-6ef9-4c0bf34098fc,Variant,,,,,,,,,true,,,1,,,,,4 in (10 cm),,,,,,,,,,,,,,,,,,,,,,,,,,,,,,,,,,
product_0d20038a-e287-9c7a-7cd9-a56fd17e9b1c,Product,Vima,"<p>This Mini Mandala is a limited, hand painted, one of a kind work of art. Its unique laser etched design in engraved into a wooden MDF material then airbrushed, painted, and then covered with 3 coats of crystal clear enamel. They are water resistant but not proof. Great for your alter or those small places on your wall that could use some extra color.</p>",522d56_82333bd3f605410cb1a02d4312bb5383~mv2.jpg;522d56_4d54e5a87cd0439eab5dabe21350b4f4~mv2.jpg,Mini Mandalas,,,30.0,,true,PERCENT,0.0,0,,,Size,DROP_DOWN,4 in (10 cm),,,,,,,,,,,,,,,,,,,,,,,,,,,,,,,,,,
product_0d20038a-e287-9c7a-7cd9-a56fd17e9b1c,Variant,,,,,,,,,true,,,1,,,,,4 in (10 cm),,,,,,,,,,,,,,,,,,,,,,,,,,,,,,,,,,
product_55514a51-7601-0433-f6a2-643b25978cb8,Product,Fea,"<p>This Mini Mandala is a limited, hand painted, one of a kind work of art. Its unique laser etched design in engraved into a wooden MDF material then airbrushed, painted, and then covered with 3 coats of crystal clear enamel. They are water resistant but not proof. Great for your alter or those small places on your wall that could use some extra color.</p>",522d56_b1b93d150d564df39194998e01ad1321~mv2.jpg;522d56_0f4e26d27a0c41119b4dfbe6ed804d3e~mv2.jpg,Mini Mandalas,,,30.0,,true,PERCENT,0.0,0,,,Size,DROP_DOWN,4 in (10 cm),,,,,,,,,,,,,,,,,,,,,,,,,,,,,,,,,,
product_55514a51-7601-0433-f6a2-643b25978cb8,Variant,,,,,,,,,true,,,1,,,,,4 in (10 cm),,,,,,,,,,,,,,,,,,,,,,,,,,,,,,,,,,
product_4fc59002-2711-62aa-817d-b76d3fabb164,Product,Cak,"<p>This Mini Mandala is a limited, hand painted, one of a kind work of art. Its unique laser etched design in engraved into a wooden MDF material then airbrushed, painted, and then covered with 3 coats of crystal clear enamel. They are water resistant but not proof. Great for your alter or those small places on your wall that could use some extra color.</p>",522d56_f9604fabdc0b49cf982d19d9897faa27~mv2.jpg;522d56_349f97431f164274821890825ec32a9d~mv2.jpg,Mini Mandalas,,,30.0,,true,PERCENT,0.0,0,,,Size,DROP_DOWN,4 in (10 cm),,,,,,,,,,,,,,,,,,,,,,,,,,,,,,,,,,
product_4fc59002-2711-62aa-817d-b76d3fabb164,Variant,,,,,,,,,true,,,1,,,,,4 in (10 cm),,,,,,,,,,,,,,,,,,,,,,,,,,,,,,,,,,
product_0453f039-c7cb-4e71-b346-9dd5b05889f9,Product,Nov,"<p>This Mini Mandala is a limited, hand painted, one of a kind work of art. Its unique laser etched design in engraved into a wooden MDF material then airbrushed, painted, and then covered with 3 coats of crystal clear enamel. They are water resistant but not proof. Great for your alter or those small places on your wall that could use some extra color.</p>",522d56_1765b12b2b8841978ecceaea296de63f~mv2.jpg;522d56_4417946b864742e598cf80b5654c8155~mv2.jpg,Mini Mandalas,,,30.0,,true,PERCENT,0.0,0,,,Size,DROP_DOWN,4 in (10 cm),,,,,,,,,,,,,,,,,,,,,,,,,,,,,,,,,,
product_0453f039-c7cb-4e71-b346-9dd5b05889f9,Variant,,,,,,,,,true,,,1,,,,,4 in (10 cm),,,,,,,,,,,,,,,,,,,,,,,,,,,,,,,,,,
product_c7f1521a-bd89-ef48-3774-ddd84f5807cf,Product,Vio,"<p>This Mini Mandala is a limited, hand painted, one of a kind work of art. Its unique laser etched design in engraved into a wooden MDF material then airbrushed, painted, and then covered with 3 coats of crystal clear enamel. They are water resistant but not proof. Great for your alter or those small places on your wall that could use some extra color.</p>",522d56_a43291c4e85e4705a9b48a5244d502e4~mv2.jpg;522d56_4f604615152342f18600aaadb3f0dc67~mv2.jpg,Mini Mandalas,,,30.0,,true,PERCENT,0.0,0,,,Size,DROP_DOWN,4 in (10 cm),,,,,,,,,,,,,,,,,,,,,,,,,,,,,,,,,,
product_c7f1521a-bd89-ef48-3774-ddd84f5807cf,Variant,,,,,,,,,true,,,1,,,,,4 in (10 cm),,,,,,,,,,,,,,,,,,,,,,,,,,,,,,,,,,
product_40e6e694-0c5f-ce85-060c-5db0dc9af6d6,Product,Hima,"<p>This Mini Mandala is a limited, hand painted, one of a kind work of art. Its unique laser etched design in engraved into a wooden MDF material then airbrushed, painted, and then covered with 3 coats of crystal clear enamel. They are water resistant but not proof. Great for your alter or those small places on your wall that could use some extra color.</p>",522d56_dce8674aa8d74733b03b753fa96dbd19~mv2.jpg;522d56_e69673b696354ab590d3e37839945e45~mv2.jpg,Mini Mandalas,,,40.0,,true,PERCENT,0.0,0,,,Size,DROP_DOWN,5.5 in (14 cm),,,,,,,,,,,,,,,,,,,,,,,,,,,,,,,,,,
product_40e6e694-0c5f-ce85-060c-5db0dc9af6d6,Variant,,,,,,,,,true,,,1,,,,,5.5 in (14 cm),,,,,,,,,,,,,,,,,,,,,,,,,,,,,,,,,,
product_9a8ac2d9-3cd3-fcda-e560-055fd0903a25,Product,Nev,"<p>This Mini Mandala is a limited, hand painted, one of a kind work of art. Its unique laser etched design in engraved into a wooden MDF material then airbrushed, painted, and then covered with 3 coats of crystal clear enamel. They are water resistant but not proof. Great for your alter or those small places on your wall that could use some extra color.</p>",522d56_e474d4637ca14175af2c8a562c5bd8c2~mv2.jpg;522d56_4f955aaaea4447ee8d53d33447b9d264~mv2.jpg,Mini Mandalas,,,30.0,,true,PERCENT,0.0,0,,,Size,DROP_DOWN,4 in (10 cm),,,,,,,,,,,,,,,,,,,,,,,,,,,,,,,,,,
product_9a8ac2d9-3cd3-fcda-e560-055fd0903a25,Variant,,,,,,,,,true,,,1,,,,,4 in (10 cm),,,,,,,,,,,,,,,,,,,,,,,,,,,,,,,,,,
product_1b36f058-bd61-143f-718f-6645a9b93f37,Product,Fou,"<p>This Mini Mandala is a limited, hand painted, one of a kind work of art. Its unique laser etched design in engraved into a wooden MDF material then airbrushed, painted, and then covered with 3 coats of crystal clear enamel. They are water resistant but not proof. Great for your alter or those small places on your wall that could use some extra color.</p>",522d56_8a41122a92c94d688f79a1dac24b2eca~mv2.jpg;522d56_6b3d3e05782b4f50835a1ee60160fe27~mv2.jpg,Mini Mandalas,,,30.0,,true,PERCENT,0.0,0,,,Size,DROP_DOWN,4 in (10 cm),,,,,,,,,,,,,,,,,,,,,,,,,,,,,,,,,,
product_1b36f058-bd61-143f-718f-6645a9b93f37,Variant,,,,,,,,,true,,,1,,,,,4 in (10 cm),,,,,,,,,,,,,,,,,,,,,,,,,,,,,,,,,,
product_6e7f26b0-e81a-af9b-46c9-66fa8209a19a,Product,Kyo,"<p>This Mini Mandala is a limited, hand painted, one of a kind work of art. Its unique laser etched design in engraved into a wooden MDF material then airbrushed, painted, and then covered with 3 coats of crystal clear enamel. They are water resistant but not proof. Great for your alter or those small places on your wall that could use some extra color.</p>",522d56_e77a3421f40040b5be30bc03dd7a2d31~mv2.jpg;522d56_5cdbfe8e68c54d49a8979a1b60b0d75c~mv2.jpg,Mini Mandalas,,,30.0,,true,PERCENT,0.0,0,,,Size,DROP_DOWN,4 in (10 cm),,,,,,,,,,,,,,,,,,,,,,,,,,,,,,,,,,
product_6e7f26b0-e81a-af9b-46c9-66fa8209a19a,Variant,,,,,,,,,true,,,1,,,,,4 in (10 cm),,,,,,,,,,,,,,,,,,,,,,,,,,,,,,,,,,
product_4ad6bbe6-e6d9-a35f-24d9-b2f46f198936,Product,Eya,"<p>This Mini Mandala is a limited, hand painted, one of a kind work of art. Its unique laser etched design in engraved into a wooden MDF material then airbrushed, painted, and then covered with 3 coats of crystal clear enamel. They are water resistant but not proof. Great for your alter or those small places on your wall that could use some extra color.</p>",522d56_da71378c868b422588142ed50de83a3d~mv2.jpg;522d56_299552989f4446438f956e38a7d13bfb~mv2.jpg,Mini Mandalas,,,30.0,,true,PERCENT,0.0,0,,,Size,DROP_DOWN,4 in (10 cm),,,,,,,,,,,,,,,,,,,,,,,,,,,,,,,,,,
product_4ad6bbe6-e6d9-a35f-24d9-b2f46f198936,Variant,,,,,,,,,true,,,1,,,,,4 in (10 cm),,,,,,,,,,,,,,,,,,,,,,,,,,,,,,,,,,
product_05599ddd-6903-574d-9b4e-c55427b38f9b,Product,Uka,"<p>This Mini Mandala is a limited, hand painted, one of a kind work of art. Its unique laser etched design in engraved into a wooden MDF material then airbrushed, painted, and then covered with 3 coats of crystal clear enamel. They are water resistant but not proof. Great for your alter or those small places on your wall that could use some extra color.</p>",522d56_8de694c1bc84450d97580baac2fb441a~mv2.jpg;522d56_41e1e438bf3040f29c88e3eb46e6c7de~mv2.jpg,Mini Mandalas,,,30.0,,true,PERCENT,0.0,0,,,Size,DROP_DOWN,4 in (10 cm),,,,,,,,,,,,,,,,,,,,,,,,,,,,,,,,,,
product_05599ddd-6903-574d-9b4e-c55427b38f9b,Variant,,,,,,,,,true,,,1,,,,,4 in (10 cm),,,,,,,,,,,,,,,,,,,,,,,,,,,,,,,,,,
product_578a8a34-89d9-002d-7507-c306772a5a68,Product,Ata,"<p>This Mini Mandala is a limited, hand painted, one of a kind work of art. Its unique laser etched design in engraved into a wooden MDF material then airbrushed, painted, and then covered with 3 coats of crystal clear enamel. They are water resistant but not proof. Great for your alter or those small places on your wall that could use some extra color.</p>",522d56_aaf470c51e7d4724821ddc9c20e36427~mv2.jpg;522d56_6dd785fd3d35435d9a2b49e4d93d6a84~mv2.jpg,Mini Mandalas,,,30.0,,true,PERCENT,0.0,0,,,Size,DROP_DOWN,4 in (10 cm),,,,,,,,,,,,,,,,,,,,,,,,,,,,,,,,,,
product_578a8a34-89d9-002d-7507-c306772a5a68,Variant,,,,,,,,,true,,,1,,,,,4 in (10 cm),,,,,,,,,,,,,,,,,,,,,,,,,,,,,,,,,,
product_e091ad8e-c427-dc2c-4c7b-08fae00dbece,Product,Fip,"<p>This Mini Mandala is a limited, hand painted, one of a kind work of art. Its unique laser etched design in engraved into a wooden MDF material then airbrushed, painted, and then covered with 3 coats of crystal clear enamel. They are water resistant but not proof. Great for your alter or those small places on your wall that could use some extra color.</p>",522d56_593af7ea79b8453e8cc7d72aff12e774~mv2.jpg,Mini Mandalas,,,30.0,,true,PERCENT,0.0,0,,,Size,DROP_DOWN,4 in (10 cm),,,,,,,,,,,,,,,,,,,,,,,,,,,,,,,,,,
product_e091ad8e-c427-dc2c-4c7b-08fae00dbece,Variant,,,,,,,,,true,,,1,,,,,4 in (10 cm),,,,,,,,,,,,,,,,,,,,,,,,,,,,,,,,,,
product_c8f71719-da9b-6369-e1b3-77835fa9ea72,Product,Sha,"<p>This Mini Mandala is a limited, hand painted, one of a kind work of art. Its unique laser etched design in engraved into a wooden MDF material then airbrushed, painted, and then covered with 3 coats of crystal clear enamel. They are water resistant but not proof. Great for your alter or those small places on your wall that could use some extra color.</p>",522d56_4b5cc231cbcf4000a88bd6d8a79f8f5f~mv2.jpg;522d56_db50305bbb194566bf79b570820791d9~mv2.jpg,Mini Mandalas,,,30.0,,true,PERCENT,0.0,0,,,Size,DROP_DOWN,4 in (10 cm),,,,,,,,,,,,,,,,,,,,,,,,,,,,,,,,,,
product_c8f71719-da9b-6369-e1b3-77835fa9ea72,Variant,,,,,,,,,true,,,1,,,,,4 in (10 cm),,,,,,,,,,,,,,,,,,,,,,,,,,,,,,,,,,
product_bef691de-f383-907b-718b-75bb8ae7ede8,Product,Osi,"<p>This Mini Mandala is a limited, hand painted, one of a kind work of art. Its unique laser etched design in engraved into a wooden MDF material then airbrushed, painted, and then covered with 3 coats of crystal clear enamel. They are water resistant but not proof. Great for your alter or those small places on your wall that could use some extra color.</p>",522d56_66fd57859a904964900470f2a38bdece~mv2.jpg;522d56_9d6628618088492f8ecee7b3fe181281~mv2.jpg,Mini Mandalas,,,30.0,,true,PERCENT,0.0,0,,,Size,DROP_DOWN,4 in (10 cm),,,,,,,,,,,,,,,,,,,,,,,,,,,,,,,,,,
product_bef691de-f383-907b-718b-75bb8ae7ede8,Variant,,,,,,,,,true,,,1,,,,,4 in (10 cm),,,,,,,,,,,,,,,,,,,,,,,,,,,,,,,,,,
product_babd8c34-0f3e-6145-dcca-9a28ba2c1174,Product,Fao,"<p>This Mini Mandala is a limited, hand painted, one of a kind work of art. Its unique laser etched design in engraved into a wooden MDF material then airbrushed, painted, and then covered with 3 coats of crystal clear enamel. They are water resistant but not proof. Great for your alter or those small places on your wall that could use some extra color.</p>",522d56_9e90db8b0e4b4fe08e7bedbdee953166~mv2.jpg;522d56_f55687aa32414d808dd9792a9ec29915~mv2.jpg,Mini Mandalas,,,30.0,,true,PERCENT,0.0,0,,,Size,DROP_DOWN,4 in (10 cm),,,,,,,,,,,,,,,,,,,,,,,,,,,,,,,,,,
product_babd8c34-0f3e-6145-dcca-9a28ba2c1174,Variant,,,,,,,,,true,,,1,,,,,4 in (10 cm),,,,,,,,,,,,,,,,,,,,,,,,,,,,,,,,,,
product_c25496a5-f520-b9c3-6cea-ceb78878fd2f,Product,Mac,"<p>This Mini Mandala is a limited, hand painted, one of a kind work of art. Its unique laser etched design in engraved into a wooden MDF material then airbrushed, painted, and then covered with 3 coats of crystal clear enamel. They are water resistant but not proof. Great for your alter or those small places on your wall that could use some extra color.</p>",522d56_4e9a712d47554937b1c8da93982c7bc5~mv2.jpg;522d56_40060aa1f07e4dfbadfe5ba1aa8199ba~mv2.jpg,Mini Mandalas,,,30.0,,true,PERCENT,0.0,0,,,Size,DROP_DOWN,4 in (10 cm),,,,,,,,,,,,,,,,,,,,,,,,,,,,,,,,,,
product_c25496a5-f520-b9c3-6cea-ceb78878fd2f,Variant,,,,,,,,,true,,,1,,,,,4 in (10 cm),,,,,,,,,,,,,,,,,,,,,,,,,,,,,,,,,,
product_11eb3976-a48d-31b2-7964-27b95354d76c,Product,Mea,"<p>This Mini Mandala is a limited, hand painted, one of a kind work of art. Its unique laser etched design in engraved into a wooden MDF material then airbrushed, painted, and then covered with 3 coats of crystal clear enamel. They are water resistant but not proof. Great for your alter or those small places on your wall that could use some extra color.</p>",522d56_f9444811487d49f6bb05abc7658ae076~mv2.jpg;522d56_86203af43ebb4bceb74dea18dcda806f~mv2.jpg,Mini Mandalas,,,30.0,,true,PERCENT,0.0,0,,,Size,DROP_DOWN,4 in (10 cm),,,,,,,,,,,,,,,,,,,,,,,,,,,,,,,,,,
product_11eb3976-a48d-31b2-7964-27b95354d76c,Variant,,,,,,,,,true,,,1,,,,,4 in (10 cm),,,,,,,,,,,,,,,,,,,,,,,,,,,,,,,,,,
product_75c9445a-3ef8-7696-e7f4-8d551132984a,Product,Koa,"<p>This Mini Mandala is a limited, hand painted, one of a kind work of art. Its unique laser etched design in engraved into a wooden MDF material then airbrushed, painted, and then covered with 3 coats of crystal clear enamel. They are water resistant but not proof. Great for your alter or those small places on your wall that could use some extra color.</p>",522d56_9e4f8a9d5f9b4dd2974da7663b97a4d4~mv2.jpg;522d56_d04fae59643d4a6593569cf9b4b0903a~mv2.jpg,Mini Mandalas,,,30.0,,true,PERCENT,0.0,0,,,Size,DROP_DOWN,4 in (10 cm),,,,,,,,,,,,,,,,,,,,,,,,,,,,,,,,,,
product_75c9445a-3ef8-7696-e7f4-8d551132984a,Variant,,,,,,,,,true,,,1,,,,,4 in (10 cm),,,,,,,,,,,,,,,,,,,,,,,,,,,,,,,,,,
product_446fbbd8-390d-2ad6-b88c-68469721c7e2,Product,Rea,"<p>This Mini Mandala is a limited, hand painted, one of a kind work of art. Its unique laser etched design in engraved into a wooden MDF material then airbrushed, painted, and then covered with 3 coats of crystal clear enamel. They are water resistant but not proof. Great for your alter or those small places on your wall that could use some extra color.</p>",522d56_cb71eb71b0534c9c8e4d1fe659a4d38b~mv2.jpg;522d56_b45abdad72c0499696869eee592d87dc~mv2.jpg,Mini Mandalas,,,30.0,,true,PERCENT,0.0,0,,,Size,DROP_DOWN,4 in (10 cm),,,,,,,,,,,,,,,,,,,,,,,,,,,,,,,,,,
product_446fbbd8-390d-2ad6-b88c-68469721c7e2,Variant,,,,,,,,,true,,,1,,,,,4 in (10 cm),,,,,,,,,,,,,,,,,,,,,,,,,,,,,,,,,,
product_394aed0f-cd2a-5065-5fde-8955f63bb39d,Product,Acu,"<p>This Mini Mandala is a limited, hand painted, one of a kind work of art. Its unique laser etched design in engraved into a wooden MDF material then airbrushed, painted, and then covered with 3 coats of crystal clear enamel. They are water resistant but not proof. Great for your alter or those small places on your wall that could use some extra color.</p>",522d56_95063cb05b624ccfb43f07341e6eba91~mv2.jpg;522d56_989d2c5bb4c44f9cb0646c0055f888c1~mv2.jpg,Mini Mandalas,,,30.0,,true,PERCENT,0.0,0,,,Size,DROP_DOWN,4 in (10 cm),,,,,,,,,,,,,,,,,,,,,,,,,,,,,,,,,,
product_394aed0f-cd2a-5065-5fde-8955f63bb39d,Variant,,,,,,,,,true,,,1,,,,,4 in (10 cm),,,,,,,,,,,,,,,,,,,,,,,,,,,,,,,,,,
product_781d29ed-48af-aa1d-9b60-7595583c3a6d,Product,Omi,"<p>This Mini Mandala is a limited, hand painted, one of a kind work of art. Its unique laser etched design in engraved into a wooden MDF material then airbrushed, painted, and then covered with 3 coats of crystal clear enamel. They are water resistant but not proof. Great for your alter or those small places on your wall that could use some extra color.</p>",522d56_c49aa2d2f5a244b1b4388c6696287cd7~mv2.jpg;522d56_57b6e2e897594c11aa069383d819c5dd~mv2.jpg,Mini Mandalas,,,30.0,,true,PERCENT,0.0,0,,,Size,DROP_DOWN,4 in (10 cm),,,,,,,,,,,,,,,,,,,,,,,,,,,,,,,,,,
product_781d29ed-48af-aa1d-9b60-7595583c3a6d,Variant,,,,,,,,,true,,,1,,,,,4 in (10 cm),,,,,,,,,,,,,,,,,,,,,,,,,,,,,,,,,,
product_75785873-5730-be30-35e4-ed4051d59210,Product,Axo,"<p>This Mini Mandala is a limited, hand painted, one of a kind work of art. Its unique laser etched design in engraved into a wooden MDF material then airbrushed, painted, and then covered with 3 coats of crystal clear enamel. They are water resistant but not proof. Great for your alter or those small places on your wall that could use some extra color.</p>",522d56_f861a5218d6c449aaf354a7dfedf516a~mv2.jpg;522d56_5fc3b8f75b4e440b92fe6ae3e163103c~mv2.jpg,Mini Mandalas,,,30.0,,true,PERCENT,0.0,0,,,Size,DROP_DOWN,4 in (10 cm),,,,,,,,,,,,,,,,,,,,,,,,,,,,,,,,,,
product_75785873-5730-be30-35e4-ed4051d59210,Variant,,,,,,,,,true,,,1,,,,,4 in (10 cm),,,,,,,,,,,,,,,,,,,,,,,,,,,,,,,,,,
product_8c44c4f4-a3c4-434f-da33-03efd5e92298,Product,Lio,"<p>This Mini Mandala is a limited, hand painted, one of a kind work of art. Its unique laser etched design in engraved into a wooden MDF material then airbrushed, painted, and then covered with 3 coats of crystal clear enamel. They are water resistant but not proof. Great for your alter or those small places on your wall that could use some extra color.</p>",522d56_5f2f7a9271354afbbee1347eeadf56b7~mv2.jpg;522d56_4add8fb64f6a4990bcbf5ddfa78a6b3e~mv2.jpg,Mini Mandalas,,,30.0,,true,PERCENT,0.0,0,,,Size,DROP_DOWN,4 in (10 cm),,,,,,,,,,,,,,,,,,,,,,,,,,,,,,,,,,
product_8c44c4f4-a3c4-434f-da33-03efd5e92298,Variant,,,,,,,,,true,,,1,,,,,4 in (10 cm),,,,,,,,,,,,,,,,,,,,,,,,,,,,,,,,,,
product_060b1479-ab4d-8483-5360-ae4e80faeaed,Product,Eon,"<p>This Mini Mandala is a limited, hand painted, one of a kind work of art. Its unique laser etched design in engraved into a wooden MDF material then airbrushed, painted, and then covered with 3 coats of crystal clear enamel. They are water resistant but not proof. Great for your alter or those small places on your wall that could use some extra color.</p>",522d56_9997d178d18042a684543d91053467ed~mv2.jpg;522d56_ef82953acc114390a9139432a028d62e~mv2.jpg,Mini Mandalas,,,30.0,,true,PERCENT,0.0,0,,,Size,DROP_DOWN,4 in (10 cm),,,,,,,,,,,,,,,,,,,,,,,,,,,,,,,,,,
product_060b1479-ab4d-8483-5360-ae4e80faeaed,Variant,,,,,,,,,true,,,1,,,,,4 in (10 cm),,,,,,,,,,,,,,,,,,,,,,,,,,,,,,,,,,
product_1ef2e445-0c28-34d0-fa38-29bb34272f60,Product,Agu,"<p>This Mini Mandala is a limited, hand painted, one of a kind work of art. Its unique laser etched design in engraved into a wooden MDF material then airbrushed, painted, and then covered with 3 coats of crystal clear enamel. They are water resistant but not proof. Great for your alter or those small places on your wall that could use some extra color.</p>",522d56_45030879e37a4f0fa28ad7be767bcb70~mv2.jpg;522d56_6e934e8f64e449209d551c01c0fc8588~mv2.jpg,Mini Mandalas,,,30.0,,true,PERCENT,0.0,0,,,Size,DROP_DOWN,4 in (10 cm),,,,,,,,,,,,,,,,,,,,,,,,,,,,,,,,,,
product_1ef2e445-0c28-34d0-fa38-29bb34272f60,Variant,,,,,,,,,true,,,1,,,,,4 in (10 cm),,,,,,,,,,,,,,,,,,,,,,,,,,,,,,,,,,
product_2a6dd976-bff1-24c4-fff2-5bcebe2c3ff9,Product,Nat,"<p>This Mini Mandala is a limited, hand painted, one of a kind work of art. Its unique laser etched design in engraved into a wooden MDF material then airbrushed, painted, and then covered with 3 coats of crystal clear enamel. They are water resistant but not proof. Great for your alter or those small places on your wall that could use some extra color.</p>",522d56_cab79bc438534d4f979f4cf2f3d3ae24~mv2.jpg;522d56_bf63123d16b54a698e3267ff544fad1b~mv2.jpg,Mini Mandalas,,,30.0,,true,PERCENT,0.0,0,,,Size,DROP_DOWN,4 in (10 cm),,,,,,,,,,,,,,,,,,,,,,,,,,,,,,,,,,
product_2a6dd976-bff1-24c4-fff2-5bcebe2c3ff9,Variant,,,,,,,,,true,,,1,,,,,4 in (10 cm),,,,,,,,,,,,,,,,,,,,,,,,,,,,,,,,,,
product_b87283fc-9e53-141e-28dd-fc9d9d37aa0e,Product,Reg,"<p>This Mini Mandala is a limited, hand painted, one of a kind work of art. Its unique laser etched design in engraved into a wooden MDF material then airbrushed, painted, and then covered with 3 coats of crystal clear enamel. They are water resistant but not proof. Great for your alter or those small places on your wall that could use some extra color.</p>",522d56_67bc0b0c61a444568f9210aa33ee901f~mv2.jpg;522d56_228693bd2d46401ebe42573d021bc05b~mv2.jpg,Mini Mandalas,,,30.0,,true,PERCENT,0.0,0,,,Size,DROP_DOWN,4 in (10 cm),,,,,,,,,,,,,,,,,,,,,,,,,,,,,,,,,,
product_b87283fc-9e53-141e-28dd-fc9d9d37aa0e,Variant,,,,,,,,,true,,,1,,,,,4 in (10 cm),,,,,,,,,,,,,,,,,,,,,,,,,,,,,,,,,,
product_1f2697f6-9538-4f14-8046-d1558170da48,Product,Jou,"<p>This Mini Mandala is a limited, hand painted, one of a kind work of art. Its unique laser etched design in engraved into a wooden MDF material then airbrushed, painted, and then covered with 3 coats of crystal clear enamel. They are water resistant but not proof. Great for your alter or those small places on your wall that could use some extra color.</p>",522d56_7fa61189100046f6af21e98bd373616a~mv2.jpg;522d56_86a09dcf4bea4f24bfec122e8bd02599~mv2.jpg,Mini Mandalas,,,30.0,,true,PERCENT,0.0,0,,,Size,DROP_DOWN,4 in (10 cm),,,,,,,,,,,,,,,,,,,,,,,,,,,,,,,,,,
product_1f2697f6-9538-4f14-8046-d1558170da48,Variant,,,,,,,,,true,,,1,,,,,4 in (10 cm),,,,,,,,,,,,,,,,,,,,,,,,,,,,,,,,,,
product_d60d03fd-5435-0270-4a87-7be84ac1faa4,Product,Noa,"<p>This Mini Mandala is a limited, hand painted, one of a kind work of art. Its unique laser etched design in engraved into a wooden MDF material then airbrushed, painted, and then covered with 3 coats of crystal clear enamel. They are water resistant but not proof. Great for your alter or those small places on your wall that could use some extra color.</p>",522d56_9f82f30a060848dc814ff9ecfaf80287~mv2.jpg;522d56_b2c1d88a18c94297956094ed3161135f~mv2.jpg,Mini Mandalas,,,30.0,,true,PERCENT,0.0,0,,,Size,DROP_DOWN,4 in (10 cm),,,,,,,,,,,,,,,,,,,,,,,,,,,,,,,,,,
product_d60d03fd-5435-0270-4a87-7be84ac1faa4,Variant,,,,,,,,,true,,,1,,,,,4 in (10 cm),,,,,,,,,,,,,,,,,,,,,,,,,,,,,,,,,,
product_0d1f6eca-4f84-ba41-04ac-f9cb3ec6de66,Product,Ale,"<p>This Mini Mandala is a limited, hand painted, one of a kind work of art. Its unique laser etched design in engraved into a wooden MDF material then airbrushed, painted, and then covered with 3 coats of crystal clear enamel. They are water resistant but not proof. Great for your alter or those small places on your wall that could use some extra color.</p>",522d56_f78e4de2ba51421da9ee7aa116ff145b~mv2.jpg;522d56_25a755dbda994046a9edf653e8154330~mv2.jpg,Mini Mandalas,,,30.0,,true,PERCENT,0.0,0,,,Size,DROP_DOWN,4 in (10 cm),,,,,,,,,,,,,,,,,,,,,,,,,,,,,,,,,,
product_0d1f6eca-4f84-ba41-04ac-f9cb3ec6de66,Variant,,,,,,,,,true,,,1,,,,,4 in (10 cm),,,,,,,,,,,,,,,,,,,,,,,,,,,,,,,,,,
product_6bd39b35-5287-184b-cfb0-6fdcbe846503,Product,Era,"<p>This Mini Mandala is a limited, hand painted, one of a kind work of art. Its unique laser etched design in engraved into a wooden MDF material then airbrushed, painted, and then covered with 3 coats of crystal clear enamel. They are water resistant but not proof. Great for your alter or those small places on your wall that could use some extra color.</p>",522d56_eaeb7116cb3e4434abac3d7ff2e37033~mv2.jpg;522d56_69f18e4dac1649e8bf2eec98a49025a0~mv2.jpg,Mini Mandalas,,,30.0,,true,PERCENT,0.0,0,,,Size,DROP_DOWN,4 in (10 cm),,,,,,,,,,,,,,,,,,,,,,,,,,,,,,,,,,
product_6bd39b35-5287-184b-cfb0-6fdcbe846503,Variant,,,,,,,,,true,,,1,,,,,4 in (10 cm),,,,,,,,,,,,,,,,,,,,,,,,,,,,,,,,,,
product_d5911d7f-f83a-49ad-65c3-0a69594d5d14,Product,Zoy,"<p>This Mini Mandala is a limited, hand painted, one of a kind work of art. Its unique laser etched design in engraved into a wooden MDF material then airbrushed, painted, and then covered with 3 coats of crystal clear enamel. They are water resistant but not proof. Great for your alter or those small places on your wall that could use some extra color.</p>",522d56_31bd95065a314ad086a924cd11f9b74c~mv2.jpg;522d56_44e358190df44ebc9ce19d1092686b1b~mv2.jpg,Mini Mandalas,,,30.0,,true,PERCENT,0.0,0,,,Size,DROP_DOWN,4 in (10 cm),,,,,,,,,,,,,,,,,,,,,,,,,,,,,,,,,,
product_d5911d7f-f83a-49ad-65c3-0a69594d5d14,Variant,,,,,,,,,true,,,1,,,,,4 in (10 cm),,,,,,,,,,,,,,,,,,,,,,,,,,,,,,,,,,
product_f3c728f2-5abc-aaaa-ddb3-19065f5f3b7d,Product,Ave,"<p>This Mini Mandala is a limited, hand painted, one of a kind work of art. Its unique laser etched design in engraved into a wooden MDF material then airbrushed, painted, and then covered with 3 coats of crystal clear enamel. They are water resistant but not proof. Great for your alter or those small places on your wall that could use some extra color.</p>",522d56_607b53a49ae64385823830e2c1851a20~mv2.jpg;522d56_83fd4cd1a5c24d319eeffc8db45de8ee~mv2.jpg,Mini Mandalas,,,30.0,,true,PERCENT,0.0,0,,,Size,DROP_DOWN,4 in (10 cm),,,,,,,,,,,,,,,,,,,,,,,,,,,,,,,,,,
product_f3c728f2-5abc-aaaa-ddb3-19065f5f3b7d,Variant,,,,,,,,,true,,,1,,,,,4 in (10 cm),,,,,,,,,,,,,,,,,,,,,,,,,,,,,,,,,,
product_62952504-b6bd-0d49-b552-ce718dbcf317,Product,Tao,"<p>This Mini Mandala is a limited, hand painted, one of a kind work of art. Its unique laser etched design in engraved into a wooden MDF material then airbrushed, painted, and then covered with 3 coats of crystal clear enamel. They are water resistant but not proof. Great for your alter or those small places on your wall that could use some extra color.</p>",522d56_82bd0cf0f6d94948b9e4bea29f460858~mv2.jpg;522d56_520c932866ae47549b38e2d668a12772~mv2.jpg,Mini Mandalas,,,30.0,,true,PERCENT,0.0,0,,,Size,DROP_DOWN,4 in (10 cm),,,,,,,,,,,,,,,,,,,,,,,,,,,,,,,,,,
product_62952504-b6bd-0d49-b552-ce718dbcf317,Variant,,,,,,,,,true,,,1,,,,,4 in (10 cm),,,,,,,,,,,,,,,,,,,,,,,,,,,,,,,,,,
product_9b85f8cb-11a5-615c-6790-c08737bd2e05,Product,Mou,"<p>This Mini Mandala is a limited, hand painted, one of a kind work of art. Its unique laser etched design in engraved into a wooden MDF material then airbrushed, painted, and then covered with 3 coats of crystal clear enamel. They are water resistant but not proof. Great for your alter or those small places on your wall that could use some extra color.</p>",522d56_b6967e578fda457a9be652babe18a3c0~mv2.jpg;522d56_2bdf00ac108a43a8bbaf8ef8f290f54e~mv2.jpg,Mini Mandalas,,,30.0,,true,PERCENT,0.0,0,,,Size,DROP_DOWN,4 in (10 cm),,,,,,,,,,,,,,,,,,,,,,,,,,,,,,,,,,
product_9b85f8cb-11a5-615c-6790-c08737bd2e05,Variant,,,,,,,,,true,,,1,,,,,4 in (10 cm),,,,,,,,,,,,,,,,,,,,,,,,,,,,,,,,,,
product_ef70de41-aa80-3d49-908d-b3e29e706847,Product,Raddo,"<p>This Mini Mandala is a limited, hand painted, one of a kind work of art. Its unique laser etched design in engraved into a wooden MDF material then airbrushed, painted, and then covered with 3 coats of crystal clear enamel. They are water resistant but not proof. Great for your alter or those small places on your wall that could use some extra color.</p>",522d56_51fec14816fc4b2b928afe6b0732638d~mv2.jpg;522d56_82ad0c074940479ca008953e36fa5cce~mv2.jpg,Mini Mandalas,,,40.0,,true,PERCENT,0.0,0,,,Size,DROP_DOWN,5.5 in (14 cm),,,,,,,,,,,,,,,,,,,,,,,,,,,,,,,,,,
product_ef70de41-aa80-3d49-908d-b3e29e706847,Variant,,,,,,,,,true,,,0,,,,,5.5 in (14 cm),,,,,,,,,,,,,,,,,,,,,,,,,,,,,,,,,,
product_73289d9b-80a4-cffc-95ff-96e1de6b600d,Product,Kanra,"<p>This Mini Mandala is a limited, hand painted, one of a kind work of art. Its unique laser etched design in engraved into a wooden MDF material then airbrushed, painted, and then covered with 3 coats of crystal clear enamel. They are water resistant but not proof. Great for your alter or those small places on your wall that could use some extra color.</p>",522d56_72382e1c568342eb8c5253fc22cf8aef~mv2.jpg;522d56_80ee3ad2866345008d065a86b772add9~mv2.jpg,Mini Mandalas,,,40.0,,true,PERCENT,0.0,0,,,Size,DROP_DOWN,5.5 in (14 cm),,,,,,,,,,,,,,,,,,,,,,,,,,,,,,,,,,
product_73289d9b-80a4-cffc-95ff-96e1de6b600d,Variant,,,,,,,,,true,,,1,,,,,5.5 in (14 cm),,,,,,,,,,,,,,,,,,,,,,,,,,,,,,,,,,
product_89b57cdc-af8f-9253-5497-a84618503f17,Product,Domma,"<p>This Mini Mandala is a limited, hand painted, one of a kind work of art. Its unique laser etched design in engraved into a wooden MDF material then airbrushed, painted, and then covered with 3 coats of crystal clear enamel. They are water resistant but not proof. Great for your alter or those small places on your wall that could use some extra color.</p>",522d56_bc32e55271734674a73e62a167816181~mv2.jpg;522d56_16dfc886adad4696843ee712d2e9a3e1~mv2.jpg,Mini Mandalas,,,40.0,,true,PERCENT,0.0,0,,,Size,DROP_DOWN,5.5 in (14 cm),,,,,,,,,,,,,,,,,,,,,,,,,,,,,,,,,,
product_89b57cdc-af8f-9253-5497-a84618503f17,Variant,,,,,,,,,true,,,1,,,,,5.5 in (14 cm),,,,,,,,,,,,,,,,,,,,,,,,,,,,,,,,,,
product_6b560805-6039-ecfd-7337-06d2eae44234,Product,Vegta,"<p>This Mini Mandala is a limited, hand painted, one of a kind work of art. Its unique laser etched design in engraved into a wooden MDF material then airbrushed, painted, and then covered with 3 coats of crystal clear enamel. They are water resistant but not proof. Great for your alter or those small places on your wall that could use some extra color.</p>",522d56_1d17d6f5f7fd4b9e9f5a5dc6dab93b3d~mv2.jpg;522d56_49bc0de94b1e49b88bb7d1fa5fdbe669~mv2.jpg,Mini Mandalas,,,40.0,,true,PERCENT,0.0,0,,,Size,DROP_DOWN,5.5 in (14 cm),,,,,,,,,,,,,,,,,,,,,,,,,,,,,,,,,,
product_6b560805-6039-ecfd-7337-06d2eae44234,Variant,,,,,,,,,true,,,1,,,,,5.5 in (14 cm),,,,,,,,,,,,,,,,,,,,,,,,,,,,,,,,,,
product_24063c40-dcfb-7444-6dd0-1a72e4da68b3,Product,Noshii,"<p>This Mini Mandala is a limited, hand painted, one of a kind work of art. Its unique laser etched design in engraved into a wooden MDF material then airbrushed, painted, and then covered with 3 coats of crystal clear enamel. They are water resistant but not proof. Great for your alter or those small places on your wall that could use some extra color.</p>",522d56_47c90ddbb1ae49b39ad5c650647de31d~mv2.jpg;522d56_9439b56eacaf4c0dad088d18cef99a2d~mv2.jpg,Mini Mandalas,,,40.0,,true,PERCENT,0.0,0,,,Size,DROP_DOWN,5.5 in (14 cm),,,,,,,,,,,,,,,,,,,,,,,,,,,,,,,,,,
product_24063c40-dcfb-7444-6dd0-1a72e4da68b3,Variant,,,,,,,,,true,,,1,,,,,5.5 in (14 cm),,,,,,,,,,,,,,,,,,,,,,,,,,,,,,,,,,
product_570c259b-8806-ae71-f388-739e9da003de,Product,Norri,"<p>This Mini Mandala is a limited, hand painted, one of a kind work of art. Its unique laser etched design in engraved into a wooden MDF material then airbrushed, painted, and then covered with 3 coats of crystal clear enamel. They are water resistant but not proof. Great for your alter or those small places on your wall that could use some extra color.</p>",522d56_cb25c4e139fb400f80c5cfa6dad49d2b~mv2.jpg;522d56_0ea25a018553463ab1912e66af44a869~mv2.jpg,Mini Mandalas,,,40.0,,true,PERCENT,0.0,0,,,Size,DROP_DOWN,5.5 in (14 cm),,,,,,,,,,,,,,,,,,,,,,,,,,,,,,,,,,
product_570c259b-8806-ae71-f388-739e9da003de,Variant,,,,,,,,,true,,,1,,,,,5.5 in (14 cm),,,,,,,,,,,,,,,,,,,,,,,,,,,,,,,,,,
product_3153f9df-d195-3fba-fea1-d8fe58eb1607,Product,Veddo,"<p>This Mini Mandala is a limited, hand painted, one of a kind work of art. Its unique laser etched design in engraved into a wooden MDF material then airbrushed, painted, and then covered with 3 coats of crystal clear enamel. They are water resistant but not proof. Great for your alter or those small places on your wall that could use some extra color.</p>",522d56_b13cdf14f1ed42a2a0042a3b8b1f857f~mv2.jpg;522d56_0e6f64a2010a416a86fb90f4ff6d9f23~mv2.jpg,Mini Mandalas,,,40.0,,true,PERCENT,0.0,0,,,Size,DROP_DOWN,5.5 in (14 cm),,,,,,,,,,,,,,,,,,,,,,,,,,,,,,,,,,
product_3153f9df-d195-3fba-fea1-d8fe58eb1607,Variant,,,,,,,,,true,,,1,,,,,5.5 in (14 cm),,,,,,,,,,,,,,,,,,,,,,,,,,,,,,,,,,
product_ad33d8c2-8426-d47d-8b81-7b86fc1c0a57,Product,Seba,"<p>This Mini Mandala is a limited, hand painted, one of a kind work of art. Its unique laser etched design in engraved into a wooden MDF material then airbrushed, painted, and then covered with 3 coats of crystal clear enamel. They are water resistant but not proof. Great for your alter or those small places on your wall that could use some extra color.</p>",522d56_7865b0c4cd09443a8433abce62f086b5~mv2.jpg;522d56_25e975462e994dcd82f93cf5a0563f02~mv2.jpg,Mini Mandalas,,,40.0,,true,PERCENT,0.0,0,,,Size,DROP_DOWN,5.5 in (14 cm),,,,,,,,,,,,,,,,,,,,,,,,,,,,,,,,,,
product_ad33d8c2-8426-d47d-8b81-7b86fc1c0a57,Variant,,,,,,,,,true,,,1,,,,,5.5 in (14 cm),,,,,,,,,,,,,,,,,,,,,,,,,,,,,,,,,,
product_497c0e85-4b35-8856-ec2a-23ce173d385d,Product,Sowa,"<p>This Mini Mandala is a limited, hand painted, one of a kind work of art. Its unique laser etched design in engraved into a wooden MDF material then airbrushed, painted, and then covered with 3 coats of crystal clear enamel. They are water resistant but not proof. Great for your alter or those small places on your wall that could use some extra color.</p>",522d56_5cf6490f38b34d0e8d38d41c3e402844~mv2.jpg;522d56_fb96ce4d7dd44e10b88b29fe170621c3~mv2.jpg,Mini Mandalas,,,40.0,,true,PERCENT,0.0,0,,,Size,DROP_DOWN,5.5 in (14 cm),,,,,,,,,,,,,,,,,,,,,,,,,,,,,,,,,,
product_497c0e85-4b35-8856-ec2a-23ce173d385d,Variant,,,,,,,,,true,,,1,,,,,5.5 in (14 cm),,,,,,,,,,,,,,,,,,,,,,,,,,,,,,,,,,
product_b2dd00f6-a5ec-34f9-610d-f6ff0af60d4f,Product,Acido,"<p>This Mini Mandala is a limited, hand painted, one of a kind work of art. Its unique laser etched design in engraved into a wooden MDF material then airbrushed, painted, and then covered with 3 coats of crystal clear enamel. They are water resistant but not proof. Great for your alter or those small places on your wall that could use some extra color.</p>",522d56_aff1af81539b4793b0960d4bbc1e9f7d~mv2.jpg;522d56_59a2847b99634dec9d7708c7839c7cd5~mv2.jpg,Mini Mandalas,,,40.0,,true,PERCENT,0.0,0,,,Size,DROP_DOWN,5.5 in (14 cm),,,,,,,,,,,,,,,,,,,,,,,,,,,,,,,,,,
product_b2dd00f6-a5ec-34f9-610d-f6ff0af60d4f,Variant,,,,,,,,,true,,,1,,,,,5.5 in (14 cm),,,,,,,,,,,,,,,,,,,,,,,,,,,,,,,,,,
product_7b5d1511-7587-9b8a-9d21-654c6fb4eb69,Product,Gramao,"<p>This Mini Mandala is a limited, hand painted, one of a kind work of art. Its unique laser etched design in engraved into a wooden MDF material then airbrushed, painted, and then covered with 3 coats of crystal clear enamel. They are water resistant but not proof. Great for your alter or those small places on your wall that could use some extra color.</p>",522d56_495168ed4a7d4a6eb2eaf2b79db08bd8~mv2.jpg;522d56_62a42d8d62464f3ba1fa9494f3273b1c~mv2.jpg,Mini Mandalas,,,40.0,,true,PERCENT,0.0,0,,,Size,DROP_DOWN,5.5 in (14 cm),,,,,,,,,,,,,,,,,,,,,,,,,,,,,,,,,,
product_7b5d1511-7587-9b8a-9d21-654c6fb4eb69,Variant,,,,,,,,,true,,,1,,,,,5.5 in (14 cm),,,,,,,,,,,,,,,,,,,,,,,,,,,,,,,,,,
product_20f79494-b55d-5906-ac17-0cd10639f057,Product,Mattoo,"<p>This Mini Mandala is a limited, hand painted, one of a kind work of art. Its unique laser etched design in engraved into a wooden MDF material then airbrushed, painted, and then covered with 3 coats of crystal clear enamel. They are water resistant but not proof. Great for your alter or those small places on your wall that could use some extra color.</p>",522d56_67c54e3a57dd4aa0bc1fee04456035b8~mv2.jpg;522d56_a57cb04cb56342328ea6f3c01d7a5346~mv2.jpg,Mini Mandalas,,,40.0,,true,PERCENT,0.0,0,,,Size,DROP_DOWN,5.5 in (14 cm),,,,,,,,,,,,,,,,,,,,,,,,,,,,,,,,,,
product_20f79494-b55d-5906-ac17-0cd10639f057,Variant,,,,,,,,,true,,,1,,,,,5.5 in (14 cm),,,,,,,,,,,,,,,,,,,,,,,,,,,,,,,,,,
product_c8c75c9b-449b-d00f-607b-07b791c10e38,Product,Lorra,"<p>This Mini Mandala is a limited, hand painted, one of a kind work of art. Its unique laser etched design in engraved into a wooden MDF material then airbrushed, painted, and then covered with 3 coats of crystal clear enamel. They are water resistant but not proof. Great for your alter or those small places on your wall that could use some extra color.</p>",522d56_c9104f97ddba447583af1b5c7babcdbf~mv2.jpg;522d56_1bb0cc0f77d74ce0a77393489c1d391c~mv2.jpg,Mini Mandalas,,,40.0,,true,PERCENT,0.0,0,,,Size,DROP_DOWN,5.5 in (14 cm),,,,,,,,,,,,,,,,,,,,,,,,,,,,,,,,,,
product_c8c75c9b-449b-d00f-607b-07b791c10e38,Variant,,,,,,,,,true,,,1,,,,,5.5 in (14 cm),,,,,,,,,,,,,,,,,,,,,,,,,,,,,,,,,,
product_cb113652-8173-d16f-4430-d3fec7e711a8,Product,Dalla,"<p>This Mini Mandala is a limited, hand painted, one of a kind work of art. Its unique laser etched design in engraved into a wooden MDF material then airbrushed, painted, and then covered with 3 coats of crystal clear enamel. They are water resistant but not proof. Great for your alter or those small places on your wall that could use some extra color.</p>",522d56_7005dc502ff045a4a55adb1672c522cd~mv2.jpg;522d56_7a91f1b9caab44f5a1464ba3c7a2a41b~mv2.jpg,Mini Mandalas,,,40.0,,true,PERCENT,0.0,0,,,Size,DROP_DOWN,5.5 in (14 cm),,,,,,,,,,,,,,,,,,,,,,,,,,,,,,,,,,
product_cb113652-8173-d16f-4430-d3fec7e711a8,Variant,,,,,,,,,true,,,1,,,,,5.5 in (14 cm),,,,,,,,,,,,,,,,,,,,,,,,,,,,,,,,,,
product_6e0886ce-bbef-7950-a026-749eaf380964,Product,Cooji,"<p>This Mini Mandala is a limited, hand painted, one of a kind work of art. Its unique laser etched design in engraved into a wooden MDF material then airbrushed, painted, and then covered with 3 coats of crystal clear enamel. They are water resistant but not proof. Great for your alter or those small places on your wall that could use some extra color.</p>",522d56_acc6081a76444fb8b9af3c4242d3462d~mv2.jpg;522d56_36883dffadb74a86bb6d88b919a7873c~mv2.jpg,Mini Mandalas,,,40.0,,true,PERCENT,0.0,0,,,Size,DROP_DOWN,5.5 in (14 cm),,,,,,,,,,,,,,,,,,,,,,,,,,,,,,,,,,
product_6e0886ce-bbef-7950-a026-749eaf380964,Variant,,,,,,,,,true,,,1,,,,,5.5 in (14 cm),,,,,,,,,,,,,,,,,,,,,,,,,,,,,,,,,,
product_84f35369-0685-85c9-88b1-ad2ff8ba9839,Product,Floope,"<p>This Mini Mandala is a limited, hand painted, one of a kind work of art. Its unique laser etched design in engraved into a wooden MDF material then airbrushed, painted, and then covered with 3 coats of crystal clear enamel. They are water resistant but not proof. Great for your alter or those small places on your wall that could use some extra color.</p>",522d56_6727ecd3900645039f377f9a4495e92c~mv2.jpg;522d56_a3c71276c38842a0a85d87deeda7b584~mv2.jpg,Mini Mandalas,,,40.0,,true,PERCENT,0.0,0,,,Size,DROP_DOWN,5.5 in (14 cm),,,,,,,,,,,,,,,,,,,,,,,,,,,,,,,,,,
product_84f35369-0685-85c9-88b1-ad2ff8ba9839,Variant,,,,,,,,,true,,,1,,,,,5.5 in (14 cm),,,,,,,,,,,,,,,,,,,,,,,,,,,,,,,,,,
product_110f5d29-a0ec-903f-6307-3d649833df97,Product,Gaerra,"<p>This Mini Mandala is a limited, hand painted, one of a kind work of art. Its unique laser etched design in engraved into a wooden MDF material then airbrushed, painted, and then covered with 3 coats of crystal clear enamel. They are water resistant but not proof. Great for your alter or those small places on your wall that could use some extra color.</p>",522d56_79a90944d94345efbb5e3f3845fd0f49~mv2.jpg;522d56_2b65a860327d489389e3fd9529da70e2~mv2.jpg,Mini Mandalas,,,40.0,,true,PERCENT,0.0,0,,,Size,DROP_DOWN,5.5 in (14 cm),,,,,,,,,,,,,,,,,,,,,,,,,,,,,,,,,,
product_110f5d29-a0ec-903f-6307-3d649833df97,Variant,,,,,,,,,true,,,1,,,,,5.5 in (14 cm),,,,,,,,,,,,,,,,,,,,,,,,,,,,,,,,,,
product_3a67def5-1e0b-0c53-aaa2-95f019d90dfb,Product,Marru,"<p>This Mini Mandala is a limited, hand painted, one of a kind work of art. Its unique laser etched design in engraved into a wooden MDF material then airbrushed, painted, and then covered with 3 coats of crystal clear enamel. They are water resistant but not proof. Great for your alter or those small places on your wall that could use some extra color.</p>",522d56_9554f8c7c36f45cc89ebf4baf75e1996~mv2.jpg;522d56_ea8eef1bf59a43dda047cf8d7756fa4b~mv2.jpg,Mini Mandalas,,,40.0,,true,PERCENT,0.0,0,,,Size,DROP_DOWN,5.5 in (14 cm),,,,,,,,,,,,,,,,,,,,,,,,,,,,,,,,,,
product_3a67def5-1e0b-0c53-aaa2-95f019d90dfb,Variant,,,,,,,,,true,,,1,,,,,5.5 in (14 cm),,,,,,,,,,,,,,,,,,,,,,,,,,,,,,,,,,
product_613249b2-1cc8-4e6b-70d1-2723fb245bc2,Product,Fleon,"<p>This Mini Mandala is a limited, hand painted, one of a kind work of art. Its unique laser etched design in engraved into a wooden MDF material then airbrushed, painted, and then covered with 3 coats of crystal clear enamel. They are water resistant but not proof. Great for your alter or those small places on your wall that could use some extra color.</p>",522d56_0529c355295c45be9acf38a3459b4603~mv2.jpg;522d56_3e3678371a9046429d0231d6b3c3a557~mv2.jpg,Mini Mandalas,,,40.0,,true,PERCENT,0.0,0,,,Size,DROP_DOWN,5.5 in (14 cm),,,,,,,,,,,,,,,,,,,,,,,,,,,,,,,,,,
product_613249b2-1cc8-4e6b-70d1-2723fb245bc2,Variant,,,,,,,,,true,,,1,,,,,5.5 in (14 cm),,,,,,,,,,,,,,,,,,,,,,,,,,,,,,,,,,
product_75f377ee-3770-b0dc-93af-4b6d2037525a,Product,Nerra,"<p>This Mini Mandala is a limited, hand painted, one of a kind work of art. Its unique laser etched design in engraved into a wooden MDF material then airbrushed, painted, and then covered with 3 coats of crystal clear enamel. They are water resistant but not proof. Great for your alter or those small places on your wall that could use some extra color.</p>",522d56_7b448f52b1534748ae190b343028ea28~mv2.jpg;522d56_18d4cb9050a64c5f95dbf1e1610f6b95~mv2.jpg,Mini Mandalas,,,40.0,,true,PERCENT,0.0,0,,,Size,DROP_DOWN,5.5 in (14 cm),,,,,,,,,,,,,,,,,,,,,,,,,,,,,,,,,,
product_75f377ee-3770-b0dc-93af-4b6d2037525a,Variant,,,,,,,,,true,,,1,,,,,5.5 in (14 cm),,,,,,,,,,,,,,,,,,,,,,,,,,,,,,,,,,
product_de0a08ff-2e5b-234f-bfa5-a18e4e471691,Product,Flumi,"<p>This Mini Mandala is a limited, hand painted, one of a kind work of art. Its unique laser etched design in engraved into a wooden MDF material then airbrushed, painted, and then covered with 3 coats of crystal clear enamel. They are water resistant but not proof. Great for your alter or those small places on your wall that could use some extra color.</p>",522d56_653ce34cd34f457f81067829b647c135~mv2.jpg;522d56_31a8d6d474554e16a54cd9dc713e9e3e~mv2.jpg,Mini Mandalas,,,40.0,,true,PERCENT,0.0,0,,,Size,DROP_DOWN,5.5 in (14 cm),,,,,,,,,,,,,,,,,,,,,,,,,,,,,,,,,,
product_de0a08ff-2e5b-234f-bfa5-a18e4e471691,Variant,,,,,,,,,true,,,1,,,,,5.5 in (14 cm),,,,,,,,,,,,,,,,,,,,,,,,,,,,,,,,,,
product_5fb9574c-66a6-89bb-33fd-b4ec85f75b91,Product,Cotta,"<p>This Mini Mandala is a limited, hand painted, one of a kind work of art. Its unique laser etched design in engraved into a wooden MDF material then airbrushed, painted, and then covered with 3 coats of crystal clear enamel. They are water resistant but not proof. Great for your alter or those small places on your wall that could use some extra color.</p>",522d56_90ff5276c83b4661b5918dddf31b9022~mv2.jpg;522d56_2cd64a2e19e44f1dbe193e7a02df3505~mv2.jpg,Mini Mandalas,,,40.0,,true,PERCENT,0.0,0,,,Size,DROP_DOWN,5.5 in (14 cm),,,,,,,,,,,,,,,,,,,,,,,,,,,,,,,,,,
product_5fb9574c-66a6-89bb-33fd-b4ec85f75b91,Variant,,,,,,,,,true,,,1,,,,,5.5 in (14 cm),,,,,,,,,,,,,,,,,,,,,,,,,,,,,,,,,,
product_9c2a4047-7027-49c4-c9c9-1333980386e2,Product,Nura,"<p>This Mini Mandala is a limited, hand painted, one of a kind work of art. Its unique laser etched design in engraved into a wooden MDF material then airbrushed, painted, and then covered with 3 coats of crystal clear enamel. They are water resistant but not proof. Great for your alter or those small places on your wall that could use some extra color.</p>",522d56_acf6fd06e4f74d62bc62c9bcabbf036e~mv2.jpg;522d56_37162ddc733940ea97c6af319aed9349~mv2.jpg,Mini Mandalas,,,40.0,,true,PERCENT,0.0,0,,,Size,DROP_DOWN,5.5 in (14 cm),,,,,,,,,,,,,,,,,,,,,,,,,,,,,,,,,,
product_9c2a4047-7027-49c4-c9c9-1333980386e2,Variant,,,,,,,,,true,,,1,,,,,5.5 in (14 cm),,,,,,,,,,,,,,,,,,,,,,,,,,,,,,,,,,
product_b6532858-c005-0224-368d-4fec9c706392,Product,Solu,"<p>This Mini Mandala is a limited, hand painted, one of a kind work of art. Its unique laser etched design in engraved into a wooden MDF material then airbrushed, painted, and then covered with 3 coats of crystal clear enamel. They are water resistant but not proof. Great for your alter or those small places on your wall that could use some extra color.</p>",522d56_6d13d131155e4498a3f13b9a014fae13~mv2.jpg;522d56_e22d2de10d6641c5ace8c04ecc477a5f~mv2.jpg,Mini Mandalas,,,40.0,,true,PERCENT,0.0,0,,,Size,DROP_DOWN,5.5 in (14 cm),,,,,,,,,,,,,,,,,,,,,,,,,,,,,,,,,,
product_b6532858-c005-0224-368d-4fec9c706392,Variant,,,,,,,,,true,,,0,,,,,5.5 in (14 cm),,,,,,,,,,,,,,,,,,,,,,,,,,,,,,,,,,
product_7f242145-1eef-ee58-fe92-a6b97a103b61,Product,Macu,"<p>This Mini Mandala is a limited, hand painted, one of a kind work of art. Its unique laser etched design in engraved into a wooden MDF material then airbrushed, painted, and then covered with 3 coats of crystal clear enamel. They are water resistant but not proof. Great for your alter or those small places on your wall that could use some extra color.</p>",522d56_45000b69f8434abbb58a898d83c19fb5~mv2.jpg;522d56_32c449faab0c4d41bbc4594ca6396687~mv2.jpg,Mini Mandalas,,,40.0,,true,PERCENT,0.0,0,,,Size,DROP_DOWN,5.5 in (14 cm),,,,,,,,,,,,,,,,,,,,,,,,,,,,,,,,,,
product_7f242145-1eef-ee58-fe92-a6b97a103b61,Variant,,,,,,,,,true,,,1,,,,,5.5 in (14 cm),,,,,,,,,,,,,,,,,,,,,,,,,,,,,,,,,,
product_e1b8538a-a0bd-cffd-e578-c60aad07674a,Product,Mista,"<p>This Mini Mandala is a limited, hand painted, one of a kind work of art. Its unique laser etched design in engraved into a wooden MDF material then airbrushed, painted, and then covered with 3 coats of crystal clear enamel. They are water resistant but not proof. Great for your alter or those small places on your wall that could use some extra color.</p>",522d56_a4037dc95b9342fdad6bc2e190d5598c~mv2.jpg;522d56_4dc1a685b81e4e5f99b7b2ad2c2ad699~mv2.jpg,Mini Mandalas,,,40.0,,true,PERCENT,0.0,0,,,Size,DROP_DOWN,5.5 in (14 cm),,,,,,,,,,,,,,,,,,,,,,,,,,,,,,,,,,
product_e1b8538a-a0bd-cffd-e578-c60aad07674a,Variant,,,,,,,,,true,,,1,,,,,5.5 in (14 cm),,,,,,,,,,,,,,,,,,,,,,,,,,,,,,,,,,
product_cf4b20d9-3cb4-a5a8-ff5d-b85c42c14a6f,Product,Flona,"<p>This Mini Mandala is a limited, hand painted, one of a kind work of art. Its unique laser etched design in engraved into a wooden MDF material then airbrushed, painted, and then covered with 3 coats of crystal clear enamel. They are water resistant but not proof. Great for your alter or those small places on your wall that could use some extra color.</p>",522d56_9a79f685a5724320be4d3be35ced11cf~mv2.jpg;522d56_7c7e5b28e90f4d9895d1230d3eec8799~mv2.jpg,Mini Mandalas,,,40.0,,true,PERCENT,0.0,0,,,Size,DROP_DOWN,5.5 in (14 cm),,,,,,,,,,,,,,,,,,,,,,,,,,,,,,,,,,
product_cf4b20d9-3cb4-a5a8-ff5d-b85c42c14a6f,Variant,,,,,,,,,true,,,0,,,,,5.5 in (14 cm),,,,,,,,,,,,,,,,,,,,,,,,,,,,,,,,,,
product_4a304d38-5cdc-3a85-5d05-e3e4895a842f,Product,Lofla,"<p>This Mini Mandala is a limited, hand painted, one of a kind work of art. Its unique laser etched design in engraved into a wooden MDF material then airbrushed, painted, and then covered with 3 coats of crystal clear enamel. They are water resistant but not proof. Great for your alter or those small places on your wall that could use some extra color.</p>",522d56_96251e64070449aca358314e4a7aec6f~mv2.jpg;522d56_f883168eb6474416bfce3558a732b3b2~mv2.jpg,Mini Mandalas,,,40.0,,true,PERCENT,0.0,0,,,Size,DROP_DOWN,5.5 in (14 cm),,,,,,,,,,,,,,,,,,,,,,,,,,,,,,,,,,
product_4a304d38-5cdc-3a85-5d05-e3e4895a842f,Variant,,,,,,,,,true,,,1,,,,,5.5 in (14 cm),,,,,,,,,,,,,,,,,,,,,,,,,,,,,,,,,,
product_db002b24-adae-8787-d673-fa95fb746de9,Product,Wayu,"<p>This Mini Mandala is a limited, hand painted, one of a kind work of art. Its unique laser etched design in engraved into a wooden MDF material then airbrushed, painted, and then covered with 3 coats of crystal clear enamel. They are water resistant but not proof. Great for your alter or those small places on your wall that could use some extra color.</p>",522d56_9b34862402af4122aa712fb206f25c02~mv2.jpg;522d56_f1ce0fa873d84ed591e41dfb7ac57934~mv2.jpg,Mini Mandalas,,,40.0,,true,PERCENT,0.0,0,,,Size,DROP_DOWN,5.5 in (14 cm),,,,,,,,,,,,,,,,,,,,,,,,,,,,,,,,,,
product_db002b24-adae-8787-d673-fa95fb746de9,Variant,,,,,,,,,true,,,1,,,,,5.5 in (14 cm),,,,,,,,,,,,,,,,,,,,,,,,,,,,,,,,,,
product_31e257a0-a7fa-61a3-251b-327e37207f47,Product,Mitsu,"<p>This Mini Mandala is a limited, hand painted, one of a kind work of art. Its unique laser etched design in engraved into a wooden MDF material then airbrushed, painted, and then covered with 3 coats of crystal clear enamel. They are water resistant but not proof. Great for your alter or those small places on your wall that could use some extra color.</p>",522d56_86cb7449e82d4c4ca0f04e67591835fe~mv2.jpg;522d56_feb78dc3834c40e29389f3945152afc2~mv2.jpg,Mini Mandalas,,,40.0,,true,PERCENT,0.0,0,,,Size,DROP_DOWN,5.5 in (14 cm),,,,,,,,,,,,,,,,,,,,,,,,,,,,,,,,,,
product_31e257a0-a7fa-61a3-251b-327e37207f47,Variant,,,,,,,,,true,,,1,,,,,5.5 in (14 cm),,,,,,,,,,,,,,,,,,,,,,,,,,,,,,,,,,
product_66df579f-0532-ebb5-3a38-7bd0726ae7b0,Product,Toba,"<p>This Mini Mandala is a limited, hand painted, one of a kind work of art. Its unique laser etched design in engraved into a wooden MDF material then airbrushed, painted, and then covered with 3 coats of crystal clear enamel. They are water resistant but not proof. Great for your alter or those small places on your wall that could use some extra color.</p>",522d56_4d86134533bd4a54b9791b2c6fda1bc4~mv2.jpg;522d56_d93beb5514ae48b583f637ade6868d38~mv2.jpg,Mini Mandalas,,,40.0,,true,PERCENT,0.0,0,,,Size,DROP_DOWN,5.5 in (14 cm),,,,,,,,,,,,,,,,,,,,,,,,,,,,,,,,,,
product_66df579f-0532-ebb5-3a38-7bd0726ae7b0,Variant,,,,,,,,,true,,,1,,,,,5.5 in (14 cm),,,,,,,,,,,,,,,,,,,,,,,,,,,,,,,,,,
product_eb1f0e1b-35fc-f292-71b8-9e99641762ae,Product,Hoka,"<p>This Mini Mandala is a limited, hand painted, one of a kind work of art. Its unique laser etched design in engraved into a wooden MDF material then airbrushed, painted, and then covered with 3 coats of crystal clear enamel. They are water resistant but not proof. Great for your alter or those small places on your wall that could use some extra color.</p>",522d56_8997b4bca0124e288bad7cb892234136~mv2.jpg;522d56_b6fc5fff06424fabb833462d6c3829a7~mv2.jpg,Mini Mandalas,,,40.0,,true,PERCENT,0.0,0,,,Size,DROP_DOWN,5.5 in (14 cm),,,,,,,,,,,,,,,,,,,,,,,,,,,,,,,,,,
product_eb1f0e1b-35fc-f292-71b8-9e99641762ae,Variant,,,,,,,,,true,,,1,,,,,5.5 in (14 cm),,,,,,,,,,,,,,,,,,,,,,,,,,,,,,,,,,
product_06d1a413-4b1b-6a85-51c8-9e1f1b399647,Product,Taksu,"<p>This Mini Mandala is a limited, hand painted, one of a kind work of art. Its unique laser etched design in engraved into a wooden MDF material then airbrushed, painted, and then covered with 3 coats of crystal clear enamel. They are water resistant but not proof. Great for your alter or those small places on your wall that could use some extra color.</p>",522d56_ef5113a32e3a4b08b54479d446b11d1e~mv2.jpg;522d56_e8049501853849ee9e09e7e23c55b376~mv2.jpg,Mini Mandalas,,,40.0,,true,PERCENT,0.0,0,,,Size,DROP_DOWN,5.5 in (14 cm),,,,,,,,,,,,,,,,,,,,,,,,,,,,,,,,,,
product_06d1a413-4b1b-6a85-51c8-9e1f1b399647,Variant,,,,,,,,,true,,,1,,,,,5.5 in (14 cm),,,,,,,,,,,,,,,,,,,,,,,,,,,,,,,,,,
product_6097625f-6a12-99be-4131-1983418818e7,Product,Suna,"<p>This Mini Mandala is a limited, hand painted, one of a kind work of art. Its unique laser etched design in engraved into a wooden MDF material then airbrushed, painted, and then covered with 3 coats of crystal clear enamel. They are water resistant but not proof. Great for your alter or those small places on your wall that could use some extra color.</p>",522d56_1b35b95c319c4e1b95f3a95e954811ee~mv2.jpg;522d56_79d8e67c8c0e4bfcba813f2d67a6c46c~mv2.jpg,Mini Mandalas,,,40.0,,true,PERCENT,0.0,0,,,Size,DROP_DOWN,5.5 in (14 cm),,,,,,,,,,,,,,,,,,,,,,,,,,,,,,,,,,
product_6097625f-6a12-99be-4131-1983418818e7,Variant,,,,,,,,,true,,,1,,,,,5.5 in (14 cm),,,,,,,,,,,,,,,,,,,,,,,,,,,,,,,,,,
product_fce2465c-fdd6-1da6-c93c-ccddb005c6c4,Product,Famu,"<p>This Mini Mandala is a limited, hand painted, one of a kind work of art. Its unique laser etched design in engraved into a wooden MDF material then airbrushed, painted, and then covered with 3 coats of crystal clear enamel. They are water resistant but not proof. Great for your alter or those small places on your wall that could use some extra color.</p>",522d56_ca44ef1324a542688964b55b9acb216e~mv2.jpg;522d56_56f251796e544a0abb47a7a762bafc77~mv2.jpg,Mini Mandalas,,,40.0,,true,PERCENT,0.0,0,,,Size,DROP_DOWN,5.5 in (14 cm),,,,,,,,,,,,,,,,,,,,,,,,,,,,,,,,,,
product_fce2465c-fdd6-1da6-c93c-ccddb005c6c4,Variant,,,,,,,,,true,,,1,,,,,5.5 in (14 cm),,,,,,,,,,,,,,,,,,,,,,,,,,,,,,,,,,
product_fdb654fd-9c3b-0143-771f-0fd57b0ec066,Product,Cotra,"<p>This Mini Mandala is a limited, hand painted, one of a kind work of art. Its unique laser etched design in engraved into a wooden MDF material then airbrushed, painted, and then covered with 3 coats of crystal clear enamel. They are water resistant but not proof. Great for your alter or those small places on your wall that could use some extra color.</p>",522d56_0b54454f349948f596500bb1b657904f~mv2.jpg;522d56_dceb3fd348de4285857f9d81b78b4831~mv2.jpg,Mini Mandalas,,,40.0,,true,PERCENT,0.0,0,,,Size,DROP_DOWN,5.5 in (14 cm),,,,,,,,,,,,,,,,,,,,,,,,,,,,,,,,,,
product_fdb654fd-9c3b-0143-771f-0fd57b0ec066,Variant,,,,,,,,,true,,,1,,,,,5.5 in (14 cm),,,,,,,,,,,,,,,,,,,,,,,,,,,,,,,,,,
product_84824fd0-073d-347a-410f-ed9374ea2028,Product,Waza,"<p>This Mini Mandala is a limited, hand painted, one of a kind work of art. Its unique laser etched design in engraved into a wooden MDF material then airbrushed, painted, and then covered with 3 coats of crystal clear enamel. They are water resistant but not proof. Great for your alter or those small places on your wall that could use some extra color.</p>",522d56_311c32a8355546b98c3f05eea4065ded~mv2.jpg;522d56_15326a2b2dac4eefad15bbee8e31d18c~mv2.jpg,Mini Mandalas,,,40.0,,true,PERCENT,0.0,0,,,Size,DROP_DOWN,5.5 in (14 cm),,,,,,,,,,,,,,,,,,,,,,,,,,,,,,,,,,
product_84824fd0-073d-347a-410f-ed9374ea2028,Variant,,,,,,,,,true,,,1,,,,,5.5 in (14 cm),,,,,,,,,,,,,,,,,,,,,,,,,,,,,,,,,,
product_82ab72a9-c2f2-1c64-4002-fff00c9fafbc,Product,Reaf,"<p>This Mini Mandala is a limited, hand painted, one of a kind work of art. Its unique laser etched design in engraved into a wooden MDF material then airbrushed, painted, and then covered with 3 coats of crystal clear enamel. They are water resistant but not proof. Great for your alter or those small places on your wall that could use some extra color.</p>",522d56_9b7beb8b94934d5986feaf5e74dce6c9~mv2.jpg;522d56_1eff701ff67145f8b8e38b82d8c2f132~mv2.jpg,Mini Mandalas,,,40.0,,true,PERCENT,0.0,0,,,Size,DROP_DOWN,5.5 in (14 cm),,,,,,,,,,,,,,,,,,,,,,,,,,,,,,,,,,
product_82ab72a9-c2f2-1c64-4002-fff00c9fafbc,Variant,,,,,,,,,true,,,1,,,,,5.5 in (14 cm),,,,,,,,,,,,,,,,,,,,,,,,,,,,,,,,,,
product_28080293-1ef0-9be9-fca3-4e64f13b2a85,Product,Suli,"<p>This Mini Mandala is a limited, hand painted, one of a kind work of art. Its unique laser etched design in engraved into a wooden MDF material then airbrushed, painted, and then covered with 3 coats of crystal clear enamel. They are water resistant but not proof. Great for your alter or those small places on your wall that could use some extra color.</p>",522d56_7ea25e3638714339829022fbc504ba00~mv2.jpg;522d56_b3b14218c608443faa4e4cf3890ff22a~mv2.jpg,Mini Mandalas,,,40.0,,true,PERCENT,0.0,0,,,Size,DROP_DOWN,5.5 in (14 cm),,,,,,,,,,,,,,,,,,,,,,,,,,,,,,,,,,
product_28080293-1ef0-9be9-fca3-4e64f13b2a85,Variant,,,,,,,,,true,,,1,,,,,5.5 in (14 cm),,,,,,,,,,,,,,,,,,,,,,,,,,,,,,,,,,
product_55c10550-6170-5e1c-bd55-0ac5fb42eb65,Product,Nuri,"<p>This Mini Mandala is a limited, hand painted, one of a kind work of art. Its unique laser etched design in engraved into a wooden MDF material then airbrushed, painted, and then covered with 3 coats of crystal clear enamel. They are water resistant but not proof. Great for your alter or those small places on your wall that could use some extra color.</p>",522d56_db2dd4ab8c574b1b92f8b029293e8ee3~mv2.jpg;522d56_61358d28b1704e32ad68ed6f2283aedc~mv2.jpg,Mini Mandalas,,,40.0,,true,PERCENT,0.0,0,,,Size,DROP_DOWN,5.5 in (14 cm),,,,,,,,,,,,,,,,,,,,,,,,,,,,,,,,,,
product_55c10550-6170-5e1c-bd55-0ac5fb42eb65,Variant,,,,,,,,,true,,,1,,,,,5.5 in (14 cm),,,,,,,,,,,,,,,,,,,,,,,,,,,,,,,,,,
product_b732cd30-eeb5-ea3d-840c-fb62d79dfddf,Product,Sola,"<p>This Mini Mandala is a limited, hand painted, one of a kind work of art. Its unique laser etched design in engraved into a wooden MDF material then airbrushed, painted, and then covered with 3 coats of crystal clear enamel. They are water resistant but not proof. Great for your alter or those small places on your wall that could use some extra color.</p>",522d56_dd80736c45e54218915212554e0bff82~mv2.jpg;522d56_21bbda980b934655a6bd36f18415dd2d~mv2.jpg,Mini Mandalas,,,40.0,,true,PERCENT,0.0,0,,,Size,DROP_DOWN,5.5 in (14 cm),,,,,,,,,,,,,,,,,,,,,,,,,,,,,,,,,,
product_b732cd30-eeb5-ea3d-840c-fb62d79dfddf,Variant,,,,,,,,,true,,,1,,,,,5.5 in (14 cm),,,,,,,,,,,,,,,,,,,,,,,,,,,,,,,,,,
product_c675421a-90ca-dd2d-d006-f920afc3ea1a,Product,Lansi,"<p>This Mini Mandala is a limited, hand painted, one of a kind work of art. Its unique laser etched design in engraved into a wooden MDF material then airbrushed, painted, and then covered with 3 coats of crystal clear enamel. They are water resistant but not proof. Great for your alter or those small places on your wall that could use some extra color.</p>",522d56_7bdb6688cef24d3788a5533aca59fd9a~mv2.jpg;522d56_6f3e0721b5ca4e8db957f21222302b43~mv2.jpg,Mini Mandalas,,,40.0,,true,PERCENT,0.0,0,,,Size,DROP_DOWN,5.5 in (14 cm),,,,,,,,,,,,,,,,,,,,,,,,,,,,,,,,,,
product_c675421a-90ca-dd2d-d006-f920afc3ea1a,Variant,,,,,,,,,true,,,1,,,,,5.5 in (14 cm),,,,,,,,,,,,,,,,,,,,,,,,,,,,,,,,,,
product_e87a75ae-e0b1-9054-bf57-75eb768c7822,Product,Kura,"<p>This Mini Mandala is a limited, hand painted, one of a kind work of art. Its unique laser etched design in engraved into a wooden MDF material then airbrushed, painted, and then covered with 3 coats of crystal clear enamel. They are water resistant but not proof. Great for your alter or those small places on your wall that could use some extra color.</p>",522d56_c67a766bfb794f4db2495bb7b84579cf~mv2.jpg;522d56_ee668b7ae63b4442986b17704d373e07~mv2.jpg,Mini Mandalas,,,40.0,,true,PERCENT,0.0,0,,,Size,DROP_DOWN,5.5 in (14 cm),,,,,,,,,,,,,,,,,,,,,,,,,,,,,,,,,,
product_e87a75ae-e0b1-9054-bf57-75eb768c7822,Variant,,,,,,,,,true,,,1,,,,,5.5 in (14 cm),,,,,,,,,,,,,,,,,,,,,,,,,,,,,,,,,,
product_cfaf6a82-24e0-1751-74fb-936026271678,Product,Meon,"<p>This Mini Mandala is a limited, hand painted, one of a kind work of art. Its unique laser etched design in engraved into a wooden MDF material then airbrushed, painted, and then covered with 3 coats of crystal clear enamel. They are water resistant but not proof. Great for your alter or those small places on your wall that could use some extra color.</p>",522d56_040cf1acb5184ccd93a1945329ca81dd~mv2.jpg;522d56_7169d67e9d8e49c48f86d825ea41b41b~mv2.jpg,Mini Mandalas,,,40.0,,true,PERCENT,0.0,0,,,Size,DROP_DOWN,5.5 in (14 cm),,,,,,,,,,,,,,,,,,,,,,,,,,,,,,,,,,
product_cfaf6a82-24e0-1751-74fb-936026271678,Variant,,,,,,,,,true,,,1,,,,,5.5 in (14 cm),,,,,,,,,,,,,,,,,,,,,,,,,,,,,,,,,,
product_e2a0027a-edc7-466f-d8d5-9a5a916a2493,Product,Vangu,"<p>This Mini Mandala is a limited, hand painted, one of a kind work of art. Its unique laser etched design in engraved into a wooden MDF material then airbrushed, painted, and then covered with 3 coats of crystal clear enamel. They are water resistant but not proof. Great for your alter or those small places on your wall that could use some extra color.</p>",522d56_be6dabea76f64c04bbe6d34b672d1232~mv2.jpg;522d56_d8682841171e4df7ab98b452063beb94~mv2.jpg,Mini Mandalas,,,40.0,,true,PERCENT,0.0,0,,,Size,DROP_DOWN,5.5 in (14 cm),,,,,,,,,,,,,,,,,,,,,,,,,,,,,,,,,,
product_e2a0027a-edc7-466f-d8d5-9a5a916a2493,Variant,,,,,,,,,true,,,1,,,,,5.5 in (14 cm),,,,,,,,,,,,,,,,,,,,,,,,,,,,,,,,,,
product_e49a1fda-7135-6839-a4e4-68dab7297ff1,Product,Seya,"<p>This Mini Mandala is a limited, hand painted, one of a kind work of art. Its unique laser etched design in engraved into a wooden MDF material then airbrushed, painted, and then covered with 3 coats of crystal clear enamel. They are water resistant but not proof. Great for your alter or those small places on your wall that could use some extra color.</p>",522d56_fb9b2dae6c664239b4065462ff65026a~mv2.jpg;522d56_f76f04b5bec441738288c467425003db~mv2.jpg,Mini Mandalas,,,40.0,,true,PERCENT,0.0,0,,,Size,DROP_DOWN,5.5 in (14 cm),,,,,,,,,,,,,,,,,,,,,,,,,,,,,,,,,,
product_e49a1fda-7135-6839-a4e4-68dab7297ff1,Variant,,,,,,,,,true,,,1,,,,,5.5 in (14 cm),,,,,,,,,,,,,,,,,,,,,,,,,,,,,,,,,,
product_f394a747-efe7-3a53-a054-a70686f6bb4b,Product,Mora,"<p>This Mini Mandala is a limited, hand painted, one of a kind work of art. Its unique laser etched design in engraved into a wooden MDF material then airbrushed, painted, and then covered with 3 coats of crystal clear enamel. They are water resistant but not proof. Great for your alter or those small places on your wall that could use some extra color.</p>",522d56_40fbf0cf7b4e4a4fbbfc4134576e49d2~mv2.jpg;522d56_47e6f53649314eefb312b995a3df99ce~mv2.jpg,Mini Mandalas,,,40.0,,true,PERCENT,0.0,0,,,Size,DROP_DOWN,5.5 in (14 cm),,,,,,,,,,,,,,,,,,,,,,,,,,,,,,,,,,
product_f394a747-efe7-3a53-a054-a70686f6bb4b,Variant,,,,,,,,,true,,,1,,,,,5.5 in (14 cm),,,,,,,,,,,,,,,,,,,,,,,,,,,,,,,,,,
product_78235540-5f59-6340-e12d-94d5b5660af6,Product,Domas,"<p>This Mini Mandala is a limited, hand painted, one of a kind work of art. Its unique laser etched design in engraved into a wooden MDF material then airbrushed, painted, and then covered with 3 coats of crystal clear enamel. They are water resistant but not proof. Great for your alter or those small places on your wall that could use some extra color.</p>",522d56_bb892b4cd6a8400fac835b019e4b9553~mv2.jpg;522d56_cb73f8b59c6949549267bd146a38560e~mv2.jpg,Mini Mandalas,,,40.0,,true,PERCENT,0.0,0,,,Size,DROP_DOWN,5.5 in (14 cm),,,,,,,,,,,,,,,,,,,,,,,,,,,,,,,,,,
product_78235540-5f59-6340-e12d-94d5b5660af6,Variant,,,,,,,,,true,,,1,,,,,5.5 in (14 cm),,,,,,,,,,,,,,,,,,,,,,,,,,,,,,,,,,
product_4cfe88f6-3f49-eb6d-cd68-bb9eaf275c82,Product,Sata,"<p>This Mini Mandala is a limited, hand painted, one of a kind work of art. Its unique laser etched design in engraved into a wooden MDF material then airbrushed, painted, and then covered with 3 coats of crystal clear enamel. They are water resistant but not proof. Great for your alter or those small places on your wall that could use some extra color.</p>",522d56_ba5d9c37d57c41fcb62863c247c1a716~mv2.jpg;522d56_3e4dc2b60f2d41048e67e51f55a330a9~mv2.jpg,Mini Mandalas,,,40.0,,true,PERCENT,0.0,0,,,Size,DROP_DOWN,5.5 in (14 cm),,,,,,,,,,,,,,,,,,,,,,,,,,,,,,,,,,
product_4cfe88f6-3f49-eb6d-cd68-bb9eaf275c82,Variant,,,,,,,,,true,,,1,,,,,5.5 in (14 cm),,,,,,,,,,,,,,,,,,,,,,,,,,,,,,,,,,
product_5e3c31d1-cd4d-3af9-0fa8-dd8e29999252,Product,Navi,"<p>This Mini Mandala is a limited, hand painted, one of a kind work of art. Its unique laser etched design in engraved into a wooden MDF material then airbrushed, painted, and then covered with 3 coats of crystal clear enamel. They are water resistant but not proof. Great for your alter or those small places on your wall that could use some extra color.</p>",522d56_a0148c74a21348bdb2ddbc18239e5526~mv2.jpg;522d56_06de797fd7654477b2628e52b1fc153c~mv2.jpg,Mini Mandalas,,,40.0,,true,PERCENT,0.0,0,,,Size,DROP_DOWN,5.5 in (14 cm),,,,,,,,,,,,,,,,,,,,,,,,,,,,,,,,,,
product_5e3c31d1-cd4d-3af9-0fa8-dd8e29999252,Variant,,,,,,,,,true,,,1,,,,,5.5 in (14 cm),,,,,,,,,,,,,,,,,,,,,,,,,,,,,,,,,,
product_204cb7fd-5476-9c69-7474-1492109fb40c,Product,Uran,"<p>This Mini Mandala is a limited, hand painted, one of a kind work of art. Its unique laser etched design in engraved into a wooden MDF material then airbrushed, painted, and then covered with 3 coats of crystal clear enamel. They are water resistant but not proof. Great for your alter or those small places on your wall that could use some extra color.</p>",522d56_ea3f8ded65064d379fd893f843853184~mv2.jpg;522d56_46337384bdae45b5b255120b0d7d2806~mv2.jpg,Mini Mandalas,,,40.0,,true,PERCENT,0.0,0,,,Size,DROP_DOWN,5.5 in (14 cm),,,,,,,,,,,,,,,,,,,,,,,,,,,,,,,,,,
product_204cb7fd-5476-9c69-7474-1492109fb40c,Variant,,,,,,,,,true,,,1,,,,,5.5 in (14 cm),,,,,,,,,,,,,,,,,,,,,,,,,,,,,,,,,,
product_475cc8de-75dd-c2b9-7f01-ab54666edd1f,Product,Kosa,"<p>This Mini Mandala is a limited, hand painted, one of a kind work of art. Its unique laser etched design in engraved into a wooden MDF material then airbrushed, painted, and then covered with 3 coats of crystal clear enamel. They are water resistant but not proof. Great for your alter or those small places on your wall that could use some extra color.</p>",522d56_1b5e1bc075dd4701bd4b71442be3af7a~mv2.jpg;522d56_1dfea590bb094312a8ebdcf14732c76e~mv2.jpg,Mini Mandalas,,,40.0,,true,PERCENT,0.0,0,,,Size,DROP_DOWN,5.5 in (14 cm),,,,,,,,,,,,,,,,,,,,,,,,,,,,,,,,,,
product_475cc8de-75dd-c2b9-7f01-ab54666edd1f,Variant,,,,,,,,,true,,,1,,,,,5.5 in (14 cm),,,,,,,,,,,,,,,,,,,,,,,,,,,,,,,,,,
product_1a7ea800-cc86-7ecd-0df0-04d2623bf8c7,Product,Cevro,"<p>This Mini Mandala is a limited, hand painted, one of a kind work of art. Its unique laser etched design in engraved into a wooden MDF material then airbrushed, painted, and then covered with 3 coats of crystal clear enamel. They are water resistant but not proof. Great for your alter or those small places on your wall that could use some extra color.</p>",522d56_1a634ce118774227b40d3799467af30b~mv2.jpg;522d56_34c4d9cb94654eb29ac3e0ff7ef241fc~mv2.jpg,Mini Mandalas,,,40.0,,true,PERCENT,0.0,0,,,Size,DROP_DOWN,5.5 in (14 cm),,,,,,,,,,,,,,,,,,,,,,,,,,,,,,,,,,
product_1a7ea800-cc86-7ecd-0df0-04d2623bf8c7,Variant,,,,,,,,,true,,,1,,,,,5.5 in (14 cm),,,,,,,,,,,,,,,,,,,,,,,,,,,,,,,,,,
product_7694860b-da05-eb52-144e-54fc0c693931,Product,Nomi,"<p>This Mini Mandala is a limited, hand painted, one of a kind work of art. Its unique laser etched design in engraved into a wooden MDF material then airbrushed, painted, and then covered with 3 coats of crystal clear enamel. They are water resistant but not proof. Great for your alter or those small places on your wall that could use some extra color.</p>",522d56_543caa27e9704189b83d05078d7fb023~mv2.jpg;522d56_e0111bc3866449ad813e4224672f5148~mv2.jpg,Mini Mandalas,,,40.0,,true,PERCENT,0.0,0,,,Size,DROP_DOWN,5.5 in (14 cm),,,,,,,,,,,,,,,,,,,,,,,,,,,,,,,,,,
product_7694860b-da05-eb52-144e-54fc0c693931,Variant,,,,,,,,,true,,,1,,,,,5.5 in (14 cm),,,,,,,,,,,,,,,,,,,,,,,,,,,,,,,,,,
product_6e043fcf-eed1-228a-4219-d3942a2a244e,Product,Macu,"<p>This Mini Mandala is a limited, hand painted, one of a kind work of art. Its unique laser etched design in engraved into a wooden MDF material then airbrushed, painted, and then covered with 3 coats of crystal clear enamel. They are water resistant but not proof. Great for your alter or those small places on your wall that could use some extra color.</p>",522d56_c8797d037af240c486a483342023d369~mv2.jpg;522d56_bdf0ed6b5db74b2caf21c6797a39b897~mv2.jpg,Mini Mandalas,,,40.0,,true,PERCENT,0.0,0,,,Size,DROP_DOWN,5.5 in (14 cm),,,,,,,,,,,,,,,,,,,,,,,,,,,,,,,,,,
product_6e043fcf-eed1-228a-4219-d3942a2a244e,Variant,,,,,,,,,true,,,1,,,,,5.5 in (14 cm),,,,,,,,,,,,,,,,,,,,,,,,,,,,,,,,,,
product_7156af57-e772-e73c-d827-f589cd4141c2,Product,Xalya,"<p>This Mini Mandala is a limited, hand painted, one of a kind work of art. Its unique laser etched design in engraved into a wooden MDF material then airbrushed, painted, and then covered with 3 coats of crystal clear enamel. They are water resistant but not proof. Great for your alter or those small places on your wall that could use some extra color.</p>",522d56_616993eed69a4b17a860993af88ec413~mv2.jpg;522d56_a82d89dd121a4db2bf4881c526bb27da~mv2.jpg,Mini Mandalas,,,40.0,,true,PERCENT,0.0,0,,,Size,DROP_DOWN,5.5 in (14 cm),,,,,,,,,,,,,,,,,,,,,,,,,,,,,,,,,,
product_7156af57-e772-e73c-d827-f589cd4141c2,Variant,,,,,,,,,true,,,1,,,,,5.5 in (14 cm),,,,,,,,,,,,,,,,,,,,,,,,,,,,,,,,,,
product_09c626b5-80d8-bda0-9cc0-702f1dc7e107,Product,Diru,"<p>This Mini Mandala is a limited, hand painted, one of a kind work of art. Its unique laser etched design in engraved into a wooden MDF material then airbrushed, painted, and then covered with 3 coats of crystal clear enamel. They are water resistant but not proof. Great for your alter or those small places on your wall that could use some extra color.</p>",522d56_a6661fc69cc54a9296de9a7a74df8f1b~mv2.jpg;522d56_876465ab4cef48ecafe30e370a6cbff1~mv2.jpg,Mini Mandalas,,,40.0,,true,PERCENT,0.0,0,,,Size,DROP_DOWN,5.5 in (14 cm),,,,,,,,,,,,,,,,,,,,,,,,,,,,,,,,,,
product_09c626b5-80d8-bda0-9cc0-702f1dc7e107,Variant,,,,,,,,,true,,,1,,,,,5.5 in (14 cm),,,,,,,,,,,,,,,,,,,,,,,,,,,,,,,,,,
product_cee507e6-c2e4-2910-54ff-8b3fd3ba4866,Product,Aera,"<p>This Mini Mandala is a limited, hand painted, one of a kind work of art. Its unique laser etched design in engraved into a wooden MDF material then airbrushed, painted, and then covered with 3 coats of crystal clear enamel. They are water resistant but not proof. Great for your alter or those small places on your wall that could use some extra color.</p>",522d56_0a3f23140a6740abbd03a93633a5b9b8~mv2.jpg;522d56_f2500cf7e6b9483f8444199930241089~mv2.jpg,Mini Mandalas,,,40.0,,true,PERCENT,0.0,0,,,Size,DROP_DOWN,5.5 in (14 cm),,,,,,,,,,,,,,,,,,,,,,,,,,,,,,,,,,
product_cee507e6-c2e4-2910-54ff-8b3fd3ba4866,Variant,,,,,,,,,true,,,1,,,,,5.5 in (14 cm),,,,,,,,,,,,,,,,,,,,,,,,,,,,,,,,,,
product_776e0e3d-985a-4b61-c731-0934bdd1ec66,Product,Savu,"<p>This Mini Mandala is a limited, hand painted, one of a kind work of art. Its unique laser etched design in engraved into a wooden MDF material then airbrushed, painted, and then covered with 3 coats of crystal clear enamel. They are water resistant but not proof. Great for your alter or those small places on your wall that could use some extra color.</p>",522d56_5645be575e784a25b9f8693773929d0a~mv2.jpg;522d56_232a4589c79e46389a8cd694af1aa55f~mv2.jpg,Mini Mandalas,,,40.0,,true,PERCENT,0.0,0,,,Size,DROP_DOWN,5.5 in (14 cm),,,,,,,,,,,,,,,,,,,,,,,,,,,,,,,,,,
product_776e0e3d-985a-4b61-c731-0934bdd1ec66,Variant,,,,,,,,,true,,,1,,,,,5.5 in (14 cm),,,,,,,,,,,,,,,,,,,,,,,,,,,,,,,,,,
product_93498198-bdc3-820d-1c8a-3c96486cceed,Product,Mada,"<p>This Mini Mandala is a limited, hand painted, one of a kind work of art. Its unique laser etched design in engraved into a wooden MDF material then airbrushed, painted, and then covered with 3 coats of crystal clear enamel. They are water resistant but not proof. Great for your alter or those small places on your wall that could use some extra color.</p>",522d56_c98ebd939cfb4dac8ca4f3535d011d5a~mv2.jpg;522d56_9bc96be697e0478baf69a4298b025415~mv2.jpg,Mini Mandalas,,,40.0,,true,PERCENT,0.0,0,,,Size,DROP_DOWN,5.5 in (14 cm),,,,,,,,,,,,,,,,,,,,,,,,,,,,,,,,,,
product_93498198-bdc3-820d-1c8a-3c96486cceed,Variant,,,,,,,,,true,,,1,,,,,5.5 in (14 cm),,,,,,,,,,,,,,,,,,,,,,,,,,,,,,,,,,
product_bd1909b4-8255-a5f6-e34a-700734908f84,Product,Gaku,"<p>This Mini Mandala is a limited, hand painted, one of a kind work of art. Its unique laser etched design in engraved into a wooden MDF material then airbrushed, painted, and then covered with 3 coats of crystal clear enamel. They are water resistant but not proof. Great for your alter or those small places on your wall that could use some extra color.</p>",522d56_f747c629d6fe4b03b08aae162ca80f08~mv2.jpg;522d56_4c0650e0a5ca430e92668fbb3c122559~mv2.jpg,Mini Mandalas,,,40.0,,true,PERCENT,0.0,0,,,Size,DROP_DOWN,5.5 in (14 cm),,,,,,,,,,,,,,,,,,,,,,,,,,,,,,,,,,
product_bd1909b4-8255-a5f6-e34a-700734908f84,Variant,,,,,,,,,true,,,1,,,,,5.5 in (14 cm),,,,,,,,,,,,,,,,,,,,,,,,,,,,,,,,,,
product_7407d955-48c0-1002-e8e8-d58f74fb9856,Product,Kino,"<p>This Mini Mandala is a limited, hand painted, one of a kind work of art. Its unique laser etched design in engraved into a wooden MDF material then airbrushed, painted, and then covered with 3 coats of crystal clear enamel. They are water resistant but not proof. Great for your alter or those small places on your wall that could use some extra color.</p>",522d56_6d633c1bb57044b98d7cca1128b780b5~mv2.jpg;522d56_67676802065c47cb8e93d78984c71b23~mv2.jpg,Mini Mandalas,,,40.0,,true,PERCENT,0.0,0,,,Size,DROP_DOWN,5.5 in (14 cm),,,,,,,,,,,,,,,,,,,,,,,,,,,,,,,,,,
product_7407d955-48c0-1002-e8e8-d58f74fb9856,Variant,,,,,,,,,true,,,1,,,,,5.5 in (14 cm),,,,,,,,,,,,,,,,,,,,,,,,,,,,,,,,,,
product_1b092fb2-01dd-74a1-2b2d-cf76a31efdfc,Product,Muwa,"<p>This Mini Mandala is a limited, hand painted, one of a kind work of art. Its unique laser etched design in engraved into a wooden MDF material then airbrushed, painted, and then covered with 3 coats of crystal clear enamel. They are water resistant but not proof. Great for your alter or those small places on your wall that could use some extra color.</p>",522d56_df924358e01a4b7689a0a32bd7bfd609~mv2.jpg;522d56_a5920c080dc14f68944708143a1173d5~mv2.jpg,Mini Mandalas,,,40.0,,true,PERCENT,0.0,0,,,Size,DROP_DOWN,5.5 in (14 cm),,,,,,,,,,,,,,,,,,,,,,,,,,,,,,,,,,
product_1b092fb2-01dd-74a1-2b2d-cf76a31efdfc,Variant,,,,,,,,,true,,,1,,,,,5.5 in (14 cm),,,,,,,,,,,,,,,,,,,,,,,,,,,,,,,,,,
product_b7a726a2-7da4-8d99-d8c2-1dbf74c7ff06,Product,Kutus,"<p>This Mini Mandala is a limited, hand painted, one of a kind work of art. Its unique laser etched design in engraved into a wooden MDF material then airbrushed, painted, and then covered with 3 coats of crystal clear enamel. They are water resistant but not proof. Great for your alter or those small places on your wall that could use some extra color.</p>",522d56_5f34e6bee70449628df180b9dda111d1~mv2.jpg;522d56_1257dabef5a44cea965f90b397eaef45~mv2.jpg,Mini Mandalas,,,40.0,,true,PERCENT,0.0,0,,,Size,DROP_DOWN,5.5 in (14 cm),,,,,,,,,,,,,,,,,,,,,,,,,,,,,,,,,,
product_b7a726a2-7da4-8d99-d8c2-1dbf74c7ff06,Variant,,,,,,,,,true,,,1,,,,,5.5 in (14 cm),,,,,,,,,,,,,,,,,,,,,,,,,,,,,,,,,,
product_1d2e7573-b9ac-4d05-b37c-e883a77dd25a,Product,Vitu,"<p>This Mini Mandala is a limited, hand painted, one of a kind work of art. Its unique laser etched design in engraved into a wooden MDF material then airbrushed, painted, and then covered with 3 coats of crystal clear enamel. They are water resistant but not proof. Great for your alter or those small places on your wall that could use some extra color.</p>",522d56_760d5f9da2894857a55578c11fbca317~mv2.jpg;522d56_93ec90e48f49434f87cb4c84902c0080~mv2.jpg,Mini Mandalas,,,40.0,,true,PERCENT,0.0,0,,,Size,DROP_DOWN,5.5 in (14 cm),,,,,,,,,,,,,,,,,,,,,,,,,,,,,,,,,,
product_1d2e7573-b9ac-4d05-b37c-e883a77dd25a,Variant,,,,,,,,,true,,,1,,,,,5.5 in (14 cm),,,,,,,,,,,,,,,,,,,,,,,,,,,,,,,,,,
product_171bc915-dba9-f7d3-1f62-8d0c6a9a3e81,Product,Guva,"<p>This Mini Mandala is a limited, hand painted, one of a kind work of art. Its unique laser etched design in engraved into a wooden MDF material then airbrushed, painted, and then covered with 3 coats of crystal clear enamel. They are water resistant but not proof. Great for your alter or those small places on your wall that could use some extra color.</p>",522d56_7fc56ca98d61458aa2bf643fd302fa34~mv2.jpg;522d56_081df78f34164189b796d704920a31f4~mv2.jpg,Mini Mandalas,,,40.0,,true,PERCENT,0.0,0,,,Size,DROP_DOWN,5.5 in (14 cm),,,,,,,,,,,,,,,,,,,,,,,,,,,,,,,,,,
product_171bc915-dba9-f7d3-1f62-8d0c6a9a3e81,Variant,,,,,,,,,true,,,1,,,,,5.5 in (14 cm),,,,,,,,,,,,,,,,,,,,,,,,,,,,,,,,,,
product_088cabf8-bff9-aa98-923e-8ff7ac0d2c47,Product,Axon,"<p>This Mini Mandala is a limited, hand painted, one of a kind work of art. Its unique laser etched design in engraved into a wooden MDF material then airbrushed, painted, and then covered with 3 coats of crystal clear enamel. They are water resistant but not proof. Great for your alter or those small places on your wall that could use some extra color.</p>",522d56_9229d594e6924c1aa9041ddc0edea8a8~mv2.jpg;522d56_3a2481258d8e4bcf949335ac4425551f~mv2.jpg,Mini Mandalas,,,40.0,,true,PERCENT,0.0,0,,,Size,DROP_DOWN,5.5 in (14 cm),,,,,,,,,,,,,,,,,,,,,,,,,,,,,,,,,,
product_088cabf8-bff9-aa98-923e-8ff7ac0d2c47,Variant,,,,,,,,,true,,,1,,,,,5.5 in (14 cm),,,,,,,,,,,,,,,,,,,,,,,,,,,,,,,,,,
product_3158560d-bf31-09c9-ed08-24d1a4333b61,Product,Lona,"<p>This Mini Mandala is a limited, hand painted, one of a kind work of art. Its unique laser etched design in engraved into a wooden MDF material then airbrushed, painted, and then covered with 3 coats of crystal clear enamel. They are water resistant but not proof. Great for your alter or those small places on your wall that could use some extra color.</p>",522d56_ca44ef1324a542688964b55b9acb216e~mv2.jpg;522d56_56f251796e544a0abb47a7a762bafc77~mv2.jpg,Mini Mandalas,,,40.0,,true,PERCENT,0.0,0,,,Size,DROP_DOWN,5.5 in (14 cm),,,,,,,,,,,,,,,,,,,,,,,,,,,,,,,,,,
product_3158560d-bf31-09c9-ed08-24d1a4333b61,Variant,,,,,,,,,true,,,1,,,,,5.5 in (14 cm),,,,,,,,,,,,,,,,,,,,,,,,,,,,,,,,,,
product_6d2fe9f9-b535-4377-0ac0-ddd058dfff72,Product,Ganci,"<p>This Mini Mandala is a limited, hand painted, one of a kind work of art. Its unique laser etched design in engraved into a wooden MDF material then airbrushed, painted, and then covered with 3 coats of crystal clear enamel. They are water resistant but not proof. Great for your alter or those small places on your wall that could use some extra color.</p>",522d56_03b03ec2466f4ecc9d4124759e314f66~mv2.jpg;522d56_e1db211ad0f14e758c8b517898aec4b7~mv2.jpg,Mini Mandalas,,,40.0,,true,PERCENT,0.0,0,,,Size,DROP_DOWN,5.5 in (14 cm),,,,,,,,,,,,,,,,,,,,,,,,,,,,,,,,,,
product_6d2fe9f9-b535-4377-0ac0-ddd058dfff72,Variant,,,,,,,,,true,,,1,,,,,5.5 in (14 cm),,,,,,,,,,,,,,,,,,,,,,,,,,,,,,,,,,
product_b03eb44a-1a23-4246-b425-df1dcdceee31,Product,Yuka,"<p>This Mini Mandala is a limited, hand painted, one of a kind work of art. Its unique laser etched design in engraved into a wooden MDF material then airbrushed, painted, and then covered with 3 coats of crystal clear enamel. They are water resistant but not proof. Great for your alter or those small places on your wall that could use some extra color.</p>",522d56_aed5cc6aab1c4484a59e8296c0000681~mv2.jpg;522d56_811f69aab2254b76991c131f5e725a6e~mv2.jpg,Mini Mandalas,,,40.0,,true,PERCENT,0.0,0,,,Size,DROP_DOWN,5.5 in (14 cm),,,,,,,,,,,,,,,,,,,,,,,,,,,,,,,,,,
product_b03eb44a-1a23-4246-b425-df1dcdceee31,Variant,,,,,,,,,true,,,1,,,,,5.5 in (14 cm),,,,,,,,,,,,,,,,,,,,,,,,,,,,,,,,,,
product_2480a9fd-efbd-da26-2387-1d7ab79e0904,Product,Roofa,"<p>This Mini Mandala is a limited, hand painted, one of a kind work of art. Its unique laser etched design in engraved into a wooden MDF material then airbrushed, painted, and then covered with 3 coats of crystal clear enamel. They are water resistant but not proof. Great for your alter or those small places on your wall that could use some extra color.</p>",522d56_ad7c7bc481ff4e3f876dd69e7c3a5165~mv2.jpg,Mini Mandalas,,,40.0,,true,PERCENT,0.0,0,,,Size,DROP_DOWN,5.5 in (14 cm),,,,,,,,,,,,,,,,,,,,,,,,,,,,,,,,,,
product_2480a9fd-efbd-da26-2387-1d7ab79e0904,Variant,,,,,,,,,true,,,1,,,,,5.5 in (14 cm),,,,,,,,,,,,,,,,,,,,,,,,,,,,,,,,,,
product_de74dbe2-81cf-27b3-ae8e-450df9f81170,Product,Zoya,"<p>This Mini Mandala is a limited, hand painted, one of a kind work of art. Its unique laser etched design in engraved into a wooden MDF material then airbrushed, painted, and then covered with 3 coats of crystal clear enamel. They are water resistant but not proof. Great for your alter or those small places on your wall that could use some extra color.</p>",522d56_0e5990da80994c57b41689d4cafc1dbf~mv2.jpg;522d56_88d28203403a4497b50b1b988df6d2d4~mv2.jpg,Mini Mandalas,,,40.0,,true,PERCENT,0.0,0,,,Size,DROP_DOWN,5.5 in (14 cm),,,,,,,,,,,,,,,,,,,,,,,,,,,,,,,,,,
product_de74dbe2-81cf-27b3-ae8e-450df9f81170,Variant,,,,,,,,,true,,,1,,,,,5.5 in (14 cm),,,,,,,,,,,,,,,,,,,,,,,,,,,,,,,,,,
product_c82d5e96-8a2e-0058-8b75-230c928f4736,Product,Mura,"<p>This Mini Mandala is a limited, hand painted, one of a kind work of art. Its unique laser etched design in engraved into a wooden MDF material then airbrushed, painted, and then covered with 3 coats of crystal clear enamel. They are water resistant but not proof. Great for your alter or those small places on your wall that could use some extra color.</p>",522d56_e3e62311badb43f591cc23c92667b740~mv2.jpg;522d56_b7c6c49262214a089a649f1f0b0deee4~mv2.jpg,Mini Mandalas,,,40.0,,true,PERCENT,0.0,0,,,Size,DROP_DOWN,5.5 in (14 cm),,,,,,,,,,,,,,,,,,,,,,,,,,,,,,,,,,
product_c82d5e96-8a2e-0058-8b75-230c928f4736,Variant,,,,,,,,,true,,,1,,,,,5.5 in (14 cm),,,,,,,,,,,,,,,,,,,,,,,,,,,,,,,,,,
product_62c74a1b-c295-0780-659a-4e3562eb310f,Product,Enso,"<p>This Mini Mandala is a limited, hand painted, one of a kind work of art. Its unique laser etched design in engraved into a wooden MDF material then airbrushed, painted, and then covered with 3 coats of crystal clear enamel. They are water resistant but not proof. Great for your alter or those small places on your wall that could use some extra color.</p>",522d56_ecc72ca1b58d46da8644cbf40e43e5f0~mv2.jpg;522d56_daf14d44005e4299b9e9caa8e97bad7c~mv2.jpg,Mini Mandalas,,,40.0,,true,PERCENT,0.0,0,,,Size,DROP_DOWN,5.5 in (14 cm),,,,,,,,,,,,,,,,,,,,,,,,,,,,,,,,,,
product_62c74a1b-c295-0780-659a-4e3562eb310f,Variant,,,,,,,,,true,,,1,,,,,5.5 in (14 cm),,,,,,,,,,,,,,,,,,,,,,,,,,,,,,,,,,
product_dab8baa3-f5c8-ee18-b4ba-75fb2100c5a4,Product,Liyu,"<p>This Mini Mandala is a limited, hand painted, one of a kind work of art. Its unique laser etched design in engraved into a wooden MDF material then airbrushed, painted, and then covered with 3 coats of crystal clear enamel. They are water resistant but not proof. Great for your alter or those small places on your wall that could use some extra color.</p>",522d56_59157132942d4e089b8b28cc69b0206d~mv2.jpg;522d56_ea5d5b6afc9f41528db1a2ab7624d958~mv2.jpg,Mini Mandalas,,,40.0,,true,PERCENT,0.0,0,,,Size,DROP_DOWN,5.5 in (14 cm),,,,,,,,,,,,,,,,,,,,,,,,,,,,,,,,,,
product_dab8baa3-f5c8-ee18-b4ba-75fb2100c5a4,Variant,,,,,,,,,true,,,1,,,,,5.5 in (14 cm),,,,,,,,,,,,,,,,,,,,,,,,,,,,,,,,,,
product_604c2bef-cb7e-8db4-9be2-9641957f616a,Product,Ove,"<p>This Mini Mandala is a limited, hand painted, one of a kind work of art. Its unique laser etched design in engraved into a wooden MDF material then airbrushed, painted, and then covered with 3 coats of crystal clear enamel. They are water resistant but not proof. Great for your alter or those small places on your wall that could use some extra color.</p>",522d56_58f01eac6f78401984c782440e46ed32~mv2.jpg;522d56_2443eed75c7449c9a38b58a30187ce94~mv2.jpg,Mini Mandalas,,,40.0,,true,PERCENT,0.0,0,,,Size,DROP_DOWN,5.5 in (14 cm),,,,,,,,,,,,,,,,,,,,,,,,,,,,,,,,,,
product_604c2bef-cb7e-8db4-9be2-9641957f616a,Variant,,,,,,,,,true,,,0,,,,,5.5 in (14 cm),,,,,,,,,,,,,,,,,,,,,,,,,,,,,,,,,,
product_331081e3-2104-03bc-086e-8e50c28d63bb,Product,Enam,"<p>This Mini Mandala is a limited, hand painted, one of a kind work of art. Its unique laser etched design in engraved into a wooden MDF material then airbrushed, painted, and then covered with 3 coats of crystal clear enamel. They are water resistant but not proof. Great for your alter or those small places on your wall that could use some extra color.</p>",522d56_a3722ad7064b4dd5b541d31edcfcbc30~mv2.jpg;522d56_92f906b90bb04879847ed6a4fed2b688~mv2.jpg,Mini Mandalas,,,40.0,,true,PERCENT,0.0,0,,,Size,DROP_DOWN,5.5 in (14 cm),,,,,,,,,,,,,,,,,,,,,,,,,,,,,,,,,,
product_331081e3-2104-03bc-086e-8e50c28d63bb,Variant,,,,,,,,,true,,,1,,,,,5.5 in (14 cm),,,,,,,,,,,,,,,,,,,,,,,,,,,,,,,,,,
product_c2eec6f1-b3ab-6b35-64fe-cfc3a055f4b5,Product,Cemi,"<p>This Mini Mandala is a limited, hand painted, one of a kind work of art. Its unique laser etched design in engraved into a wooden MDF material then airbrushed, painted, and then covered with 3 coats of crystal clear enamel. They are water resistant but not proof. Great for your alter or those small places on your wall that could use some extra color.</p>",522d56_5f55fcfecf6b4366be168b7af7abac0a~mv2.jpg;522d56_1c15781cf892499b889672eef916b238~mv2.jpg,Mini Mandalas,,,40.0,,true,PERCENT,0.0,0,,,Size,DROP_DOWN,5.5 in (14 cm),,,,,,,,,,,,,,,,,,,,,,,,,,,,,,,,,,
product_c2eec6f1-b3ab-6b35-64fe-cfc3a055f4b5,Variant,,,,,,,,,true,,,0,,,,,5.5 in (14 cm),,,,,,,,,,,,,,,,,,,,,,,,,,,,,,,,,,
product_1226c400-b2b7-493d-941e-92ec5fa2062f,Product,Sonix,"<p>This Mini Mandala is a limited, hand painted, one of a kind work of art. Its unique laser etched design in engraved into a wooden MDF material then airbrushed, painted, and then covered with 3 coats of crystal clear enamel. They are water resistant but not proof. Great for your alter or those small places on your wall that could use some extra color.</p>",522d56_b195bc5461f24bf098d070c345ed389a~mv2.jpg;522d56_3fc79dc010574edaa90d8aa0ce621d17~mv2.jpg,Mini Mandalas,,,40.0,,true,PERCENT,0.0,0,,,Size,DROP_DOWN,5.5 in (14 cm),,,,,,,,,,,,,,,,,,,,,,,,,,,,,,,,,,
product_1226c400-b2b7-493d-941e-92ec5fa2062f,Variant,,,,,,,,,true,,,1,,,,,5.5 in (14 cm),,,,,,,,,,,,,,,,,,,,,,,,,,,,,,,,,,
product_a927fc3c-679e-9813-43ba-39c1a6b69375,Product,Eos,"<p>This Mini Mandala is a limited, hand painted, one of a kind work of art. Its unique laser etched design in engraved into a wooden MDF material then airbrushed, painted, and then covered with 3 coats of crystal clear enamel. They are water resistant but not proof. Great for your alter or those small places on your wall that could use some extra color.</p>",522d56_0421d4831de04d149b3cb95069f84bde~mv2.jpg;522d56_0ab43bf9a35448009e849cae7c464d81~mv2.jpg,Mini Mandalas,,,40.0,,true,PERCENT,0.0,0,,,Size,DROP_DOWN,5.5 in (14 cm),,,,,,,,,,,,,,,,,,,,,,,,,,,,,,,,,,
product_a927fc3c-679e-9813-43ba-39c1a6b69375,Variant,,,,,,,,,true,,,1,,,,,5.5 in (14 cm),,,,,,,,,,,,,,,,,,,,,,,,,,,,,,,,,,
product_5fc73936-648e-00d9-eec2-1fd1194b4979,Product,Lufi,"<p>This Mini Mandala is a limited, hand painted, one of a kind work of art. Its unique laser etched design in engraved into a wooden MDF material then airbrushed, painted, and then covered with 3 coats of crystal clear enamel. They are water resistant but not proof. Great for your alter or those small places on your wall that could use some extra color.</p>",522d56_e2cf91a41f87410bb2fedb65f354c322~mv2.jpg;522d56_518c08f87dd24024ba8cf3f94ede5aff~mv2.jpg,Mini Mandalas,,,40.0,,true,PERCENT,0.0,0,,,Size,DROP_DOWN,5.5 in (14 cm),,,,,,,,,,,,,,,,,,,,,,,,,,,,,,,,,,
product_5fc73936-648e-00d9-eec2-1fd1194b4979,Variant,,,,,,,,,true,,,0,,,,,5.5 in (14 cm),,,,,,,,,,,,,,,,,,,,,,,,,,,,,,,,,,
product_a835580b-0af7-2da9-4bd7-53e82e36c0ef,Product,Leta,"<p>This Mini Mandala is a limited, hand painted, one of a kind work of art. Its unique laser etched design in engraved into a wooden MDF material then airbrushed, painted, and then covered with 3 coats of crystal clear enamel. They are water resistant but not proof. Great for your alter or those small places on your wall that could use some extra color.</p>",522d56_52a0d4314e364f5f9162b68902abb88e~mv2.jpg;522d56_a9b2a88a3a4841958b689ef6387c6751~mv2.jpg,Mini Mandalas,,,40.0,,true,PERCENT,0.0,0,,,Size,DROP_DOWN,5.5 in (14 cm),,,,,,,,,,,,,,,,,,,,,,,,,,,,,,,,,,
product_a835580b-0af7-2da9-4bd7-53e82e36c0ef,Variant,,,,,,,,,true,,,1,,,,,5.5 in (14 cm),,,,,,,,,,,,,,,,,,,,,,,,,,,,,,,,,,
product_3294a8d6-72cc-26c1-45a6-7314352519ce,Product,Lima,"<p>This Mini Mandala is a limited, hand painted, one of a kind work of art. Its unique laser etched design in engraved into a wooden MDF material then airbrushed, painted, and then covered with 3 coats of crystal clear enamel. They are water resistant but not proof. Great for your alter or those small places on your wall that could use some extra color.</p>",522d56_babec8acbd5b4565ba12b2d225ac0824~mv2.jpg;522d56_540ac49256da4718bfa4dd95b47fd200~mv2.jpg,Mini Mandalas,,,40.0,,true,PERCENT,0.0,0,,,Size,DROP_DOWN,5.5 in (14 cm),,,,,,,,,,,,,,,,,,,,,,,,,,,,,,,,,,
product_3294a8d6-72cc-26c1-45a6-7314352519ce,Variant,,,,,,,,,true,,,1,,,,,5.5 in (14 cm),,,,,,,,,,,,,,,,,,,,,,,,,,,,,,,,,,
product_797aaee8-2bbd-6754-a3c3-d6beecedefb6,Product,Lotus Stand - Regenerative Forest,"<p>We are caretakers of these crystals for just a fraction of their existence. Crystals took hundreds of thousands of years to form, so let us honor and cherish them in our lives. The Lotus Stand was created to do just that. This will fit any size crystal sphere, egg, or anything else you can imagine. Created with 6 layers of laser cut stained wood this is ready for you to enjoy with any favorite crystal you already have.</p>",e5e2db_b9a5c3823d6d43fca68764ba8a0931d7~mv2.jpg;e5e2db_90ff4c732ec54bd69e3d86cd6a455fc6~mv2.jpg,Sphere Stands,,,30.0,,true,PERCENT,0.0,0,,,Size,DROP_DOWN,5.5 in (14 cm),,,,,,,,,,,,,,,,,,,,,,,,,,,,,,,,,,
product_797aaee8-2bbd-6754-a3c3-d6beecedefb6,Variant,,,,,,,,,true,,,4,,,,,5.5 in (14 cm),,,,,,,,,,,,,,,,,,,,,,,,,,,,,,,,,,
product_64e7637e-005e-b2c3-d6ea-55d114a34de1,Product,Lotus Stand - Wooden Trail,"<p>We are caretakers of these crystals for just a fraction of their existence. Crystals took hundreds of thousands of years to form, so let us honor and cherish them in our lives. The Lotus Stand was created to do just that. This will fit any size crystal sphere, egg, or anything else you can imagine. Created with 6 layers of laser cut stained wood this is ready for you to enjoy with any favorite crystal you already have.</p>",e5e2db_4edf8aa2bdb848d5b19ed498a1775330~mv2.jpg;e5e2db_342fd92ae21043f29b6adbe70b9e131f~mv2.jpg,Sphere Stands,,,30.0,,true,PERCENT,0.0,0,,,Size,DROP_DOWN,5.5 in (14 cm),,,,,,,,,,,,,,,,,,,,,,,,,,,,,,,,,,
product_64e7637e-005e-b2c3-d6ea-55d114a34de1,Variant,,,,,,,,,true,,,8,,,,,5.5 in (14 cm),,,,,,,,,,,,,,,,,,,,,,,,,,,,,,,,,,
product_77e1f16b-8e4b-4d92-ace4-9d0b83452f06,Product,Lotus Stand - Sondari Days,"<p>We are caretakers of these crystals for just a fraction of their existence. Crystals took hundreds of thousands of years to form, so let us honor and cherish them in our lives. The Lotus Stand was created to do just that. This will fit any size crystal sphere, egg, or anything else you can imagine. Created with 6 layers of laser cut stained wood this is ready for you to enjoy with any favorite crystal you already have.</p>",e5e2db_905c46125102449d94c4f040dc43a3c7~mv2.jpg;e5e2db_8959be58e63c483aa8c7eccf4f26dafd~mv2.jpg,Sphere Stands,,,30.0,,true,PERCENT,0.0,0,,,Size,DROP_DOWN,5.5 in (14 cm),,,,,,,,,,,,,,,,,,,,,,,,,,,,,,,,,,
product_77e1f16b-8e4b-4d92-ace4-9d0b83452f06,Variant,,,,,,,,,true,,,7,,,,,5.5 in (14 cm),,,,,,,,,,,,,,,,,,,,,,,,,,,,,,,,,,
product_18ef3153-caf5-2a1f-969a-1e01d5332a43,Product,Lotus Stand - Mahogany Dream,"<p>We are caretakers of these crystals for just a fraction of their existence. Crystals took hundreds of thousands of years to form, so let us honor and cherish them in our lives. The Lotus Stand was created to do just that. This will fit any size crystal sphere, egg, or anything else you can imagine. Created with 6 layers of laser cut stained wood this is ready for you to enjoy with any favorite crystal you already have.</p>",e5e2db_2070a2119449485dbd479059c33176d9~mv2.jpg;e5e2db_f226b31cd2194be8b5e28bf794350c68~mv2.jpg,Sphere Stands,,,30.0,,true,PERCENT,0.0,0,,,Size,DROP_DOWN,5.5 in (14 cm),,,,,,,,,,,,,,,,,,,,,,,,,,,,,,,,,,
product_18ef3153-caf5-2a1f-969a-1e01d5332a43,Variant,,,,,,,,,true,,,10,,,,,5.5 in (14 cm),,,,,,,,,,,,,,,,,,,,,,,,,,,,,,,,,,
product_2ebead50-1050-c6ba-9859-756eeef58d49,Product,Lotus Stand - Forest Fauna,"<p>We are caretakers of these crystals for just a fraction of their existence. Crystals took hundreds of thousands of years to form, so let us honor and cherish them in our lives. The Lotus Stand was created to do just that. This will fit any size crystal sphere, egg, or anything else you can imagine. Created with 6 layers of laser cut stained wood this is ready for you to enjoy with any favorite crystal you already have.</p>",e5e2db_2749446fd97e42dabd42b40be31f35bb~mv2.jpg;e5e2db_320ac7efdeef4e29980de8e6a683431d~mv2.jpg,Sphere Stands,,,30.0,,true,PERCENT,0.0,0,,,Size,DROP_DOWN,5.5 in (14 cm),,,,,,,,,,,,,,,,,,,,,,,,,,,,,,,,,,
product_2ebead50-1050-c6ba-9859-756eeef58d49,Variant,,,,,,,,,true,,,7,,,,,5.5 in (14 cm),,,,,,,,,,,,,,,,,,,,,,,,,,,,,,,,,,
product_ec562773-cb68-c88e-7351-7632b5f065b6,Product,Lotus Stand - Time Glimpse,"<p>We are caretakers of these crystals for just a fraction of their existence. Crystals took hundreds of thousands of years to form, so let us honor and cherish them in our lives. The Lotus Stand was created to do just that. This will fit any size crystal sphere, egg, or anything else you can imagine. Created with 6 layers of laser cut stained wood this is ready for you to enjoy with any favorite crystal you already have.</p>",e5e2db_4aa7b587989e4303b89e2212e4333627~mv2.jpg,Sphere Stands,,,30.0,,true,PERCENT,0.0,0,,,Size,DROP_DOWN,5.5 in (14 cm),,,,,,,,,,,,,,,,,,,,,,,,,,,,,,,,,,
product_ec562773-cb68-c88e-7351-7632b5f065b6,Variant,,,,,,,,,true,,,5,,,,,5.5 in (14 cm),,,,,,,,,,,,,,,,,,,,,,,,,,,,,,,,,,
product_64ade4f8-6b37-07aa-360c-97a264ecd821,Product,Lotus Stand - Fall Days,"<p>We are caretakers of these crystals for just a fraction of their existence. Crystals took hundreds of thousands of years to form, so let us honor and cherish them in our lives. The Lotus Stand was created to do just that. This will fit any size crystal sphere, egg, or anything else you can imagine. Created with 6 layers of laser cut stained wood this is ready for you to enjoy with any favorite crystal you already have.</p>",e5e2db_6d8c19376fcb4fbd9e28868b3a11bb19~mv2.jpg;e5e2db_6712de3431644947a58ed5b813684ebc~mv2.jpg,Sphere Stands,,,30.0,,true,PERCENT,0.0,0,,,Size,DROP_DOWN,5.5 in (14 cm),,,,,,,,,,,,,,,,,,,,,,,,,,,,,,,,,,
product_64ade4f8-6b37-07aa-360c-97a264ecd821,Variant,,,,,,,,,true,,,9,,,,,5.5 in (14 cm),,,,,,,,,,,,,,,,,,,,,,,,,,,,,,,,,,
product_3624103b-a87b-1ff2-522a-11293ecd6615,Product,Lotus Stand - Inner Bloom,"<p>We are caretakers of these crystals for just a fraction of their existence. Crystals took hundreds of thousands of years to form, so let us honor and cherish them in our lives. The Lotus Stand was created to do just that. This will fit any size crystal sphere, egg, or anything else you can imagine. Created with 6 layers of laser cut stained wood this is ready for you to enjoy with any favorite crystal you already have.</p>",e5e2db_a2d62d6c14b64aa683639c9f0065b2b7~mv2.jpg;e5e2db_4230d01985f94444b327113627712eb5~mv2.jpg,Sphere Stands,,,30.0,,true,PERCENT,0.0,0,,,Size,DROP_DOWN,5.5 in (14 cm),,,,,,,,,,,,,,,,,,,,,,,,,,,,,,,,,,
product_3624103b-a87b-1ff2-522a-11293ecd6615,Variant,,,,,,,,,true,,,10,,,,,5.5 in (14 cm),,,,,,,,,,,,,,,,,,,,,,,,,,,,,,,,,,
product_f14ea219-f186-711f-397f-cfd57ddf7420,Product,Lotus Stand - Classic,"<p>We are caretakers of these crystals for just a fraction of their existence. Crystals took hundreds of thousands of years to form, so let us honor and cherish them in our lives. The Lotus Stand was created to do just that. This will fit any size crystal sphere, egg, or anything else you can imagine. Created with 6 layers of laser cut stained wood this is ready for you to enjoy with any favorite crystal you already have.</p>",e5e2db_8ae97d5972e44e65ad0010a552ab6f29~mv2.jpg;e5e2db_2f37d995c1684a809ec6d76e2417f7e0~mv2.jpg,Sphere Stands,,,30.0,,true,PERCENT,0.0,0,,,Size,DROP_DOWN,5.5 in (14 cm),,,,,,,,,,,,,,,,,,,,,,,,,,,,,,,,,,
product_f14ea219-f186-711f-397f-cfd57ddf7420,Variant,,,,,,,,,true,,,6,,,,,5.5 in (14 cm),,,,,,,,,,,,,,,,,,,,,,,,,,,,,,,,,,
product_bbe7a93b-255c-f965-2c3d-59d75c5eaf6a,Product,Lotus Stand - Cherry X,"<p>We are caretakers of these crystals for just a fraction of their existence. Crystals took hundreds of thousands of years to form, so let us honor and cherish them in our lives. The Lotus Stand was created to do just that. This will fit any size crystal sphere, egg, or anything else you can imagine. Created with 6 layers of laser cut stained wood this is ready for you to enjoy with any favorite crystal you already have.</p>",e5e2db_bab11fb5f3d44798970f9523c8654f64~mv2.jpg;e5e2db_515ad36868284f45a75340e722e62455~mv2.jpg,Sphere Stands,,,30.0,,true,PERCENT,0.0,0,,,Size,DROP_DOWN,5.5 in (14 cm),,,,,,,,,,,,,,,,,,,,,,,,,,,,,,,,,,
product_bbe7a93b-255c-f965-2c3d-59d75c5eaf6a,Variant,,,,,,,,,true,,,10,,,,,5.5 in (14 cm),,,,,,,,,,,,,,,,,,,,,,,,,,,,,,,,,,
product_d30977de-b939-1800-86b6-a71f7e1b676c,Product,Lotus Stand - Cherry,"<p>We are caretakers of these crystals for just a fraction of their existence. Crystals took hundreds of thousands of years to form, so let us honor and cherish them in our lives. The Lotus Stand was created to do just that. This will fit any size crystal sphere, egg, or anything else you can imagine. Created with 6 layers of laser cut stained wood this is ready for you to enjoy with any favorite crystal you already have.</p>",e5e2db_92af5811a9074daa904b7431b57b6e06~mv2.jpg,Sphere Stands,,,30.0,,true,PERCENT,0.0,0,,,Size,DROP_DOWN,5.5 in (14 cm),,,,,,,,,,,,,,,,,,,,,,,,,,,,,,,,,,
product_d30977de-b939-1800-86b6-a71f7e1b676c,Variant,,,,,,,,,true,,,9,,,,,5.5 in (14 cm),,,,,,,,,,,,,,,,,,,,,,,,,,,,,,,,,,
product_34ef644d-7f49-358d-9768-d3e40e316304,Product,Lotus Stand - Daylight,"<p>We are caretakers of these crystals for just a fraction of their existence. Crystals took hundreds of thousands of years to form, so let us honor and cherish them in our lives. The Lotus Stand was created to do just that. This will fit any size crystal sphere, egg, or anything else you can imagine. Created with 6 layers of laser cut stained wood this is ready for you to enjoy with any favorite crystal you already have.</p>",e5e2db_7e6db1d4f8474aa295abd7ae166f4c89~mv2.jpg;e5e2db_48258a5de2bc4be2b29296507efe1e37~mv2.jpg,Sphere Stands,,,30.0,,true,PERCENT,0.0,0,,,Size,DROP_DOWN,5.5 in (14 cm),,,,,,,,,,,,,,,,,,,,,,,,,,,,,,,,,,
product_34ef644d-7f49-358d-9768-d3e40e316304,Variant,,,,,,,,,true,,,6,,,,,5.5 in (14 cm),,,,,,,,,,,,,,,,,,,,,,,,,,,,,,,,,,
product_4ca4f6f3-3bf9-19b1-b18f-68cf21e808ed,Product,Lotus Stand - Campfire,"<p>We are caretakers of these crystals for just a fraction of their existence. Crystals took hundreds of thousands of years to form, so let us honor and cherish them in our lives. The Lotus Stand was created to do just that. This will fit any size crystal sphere, egg, or anything else you can imagine. Created with 6 layers of laser cut stained wood this is ready for you to enjoy with any favorite crystal you already have.</p>",e5e2db_d6b4f6a15290413ba2ffc10f409a59db~mv2.jpg;e5e2db_5e922a944a39471c9129f8a5e4e7c041~mv2.jpg,Sphere Stands,,,30.0,,true,PERCENT,0.0,0,,,Size,DROP_DOWN,5.5 in (14 cm),,,,,,,,,,,,,,,,,,,,,,,,,,,,,,,,,,
product_4ca4f6f3-3bf9-19b1-b18f-68cf21e808ed,Variant,,,,,,,,,true,,,11,,,,,5.5 in (14 cm),,,,,,,,,,,,,,,,,,,,,,,,,,,,,,,,,,
product_b9f07c22-e487-446d-2dcc-b88b82b8f039,Product,Lotus Stand -  Brown Leaf,"<p>We are caretakers of these crystals for just a fraction of their existence. Crystals took hundreds of thousands of years to form, so let us honor and cherish them in our lives. The Lotus Stand was created to do just that. This will fit any size crystal sphere, egg, or anything else you can imagine. Created with 6 layers of laser cut stained wood this is ready for you to enjoy with any favorite crystal you already have.</p>",e5e2db_ea207b25518a45a0b415a1e308c768b9~mv2.jpg;e5e2db_bc5ee12308644dd88c3899da0fa7b44e~mv2.jpg,Sphere Stands,,,30.0,,true,PERCENT,0.0,0,,,Size,DROP_DOWN,5.5 in (14 cm),,,,,,,,,,,,,,,,,,,,,,,,,,,,,,,,,,
product_b9f07c22-e487-446d-2dcc-b88b82b8f039,Variant,,,,,,,,,true,,,11,,,,,5.5 in (14 cm),,,,,,,,,,,,,,,,,,,,,,,,,,,,,,,,,,
product_0d10953b-cede-b592-61cf-d46e49dd8a7f,Product,"Lotus Stand - Tan, Light Tan","<p>We are caretakers of these crystals for just a fraction of their existence. Crystals took hundreds of thousands of years to form, so let us honor and cherish them in our lives. The Lotus Stand was created to do just that. This will fit any size crystal sphere, egg, or anything else you can imagine. Created with 6 layers of laser cut stained wood this is ready for you to enjoy with any favorite crystal you already have.</p>",e5e2db_a7b8aed006994e36a03e2d3dfe93837d~mv2.jpg;e5e2db_fb5d2854f37549fb8a4c1fe6bdb25e2f~mv2.jpg,Sphere Stands,,,30.0,,true,PERCENT,0.0,0,,,Size,DROP_DOWN,5.5 in (14 cm);6.7 in (17 cm),,,,,,,,,,,,,,,,,,,,,,,,,,,,,,,,,,
product_0d10953b-cede-b592-61cf-d46e49dd8a7f,Variant,,,,,,,,,true,,,11,,,,,5.5 in (14 cm),,,,,,,,,,,,,,,,,,,,,,,,,,,,,,,,,,
product_0d10953b-cede-b592-61cf-d46e49dd8a7f,Variant,,,,,,,,10.0,true,,,5,,,,,6.7 in (17 cm),,,,,,,,,,,,,,,,,,,,,,,,,,,,,,,,,,
product_2aa38cdc-5e87-08ca-6c4f-b607269cdc39,Product,Lotus Stand - Beyond Lumber,"<p>We are caretakers of these crystals for just a fraction of their existence. Crystals took hundreds of thousands of years to form, so let us honor and cherish them in our lives. The Lotus Stand was created to do just that. This will fit any size crystal sphere, egg, or anything else you can imagine. Created with 6 layers of laser cut stained wood this is ready for you to enjoy with any favorite crystal you already have.</p>",e5e2db_55e84bee4675405b81f0cf1859f50cbe~mv2.jpg;e5e2db_d989a0b89f8f4969956aa983f27d0ae3~mv2.jpg,Sphere Stands,,,30.0,,true,PERCENT,0.0,0,,,Size,DROP_DOWN,5.5 in (14 cm);6.7 in (17 cm),,,,,,,,,,,,,,,,,,,,,,,,,,,,,,,,,,
product_2aa38cdc-5e87-08ca-6c4f-b607269cdc39,Variant,,,,,,,,,true,,,9,,,,,5.5 in (14 cm),,,,,,,,,,,,,,,,,,,,,,,,,,,,,,,,,,
product_2aa38cdc-5e87-08ca-6c4f-b607269cdc39,Variant,,,,,,,,10.0,true,,,8,,,,,6.7 in (17 cm),,,,,,,,,,,,,,,,,,,,,,,,,,,,,,,,,,
product_db91ed2f-06ae-7bbe-58b5-94d519d7c9ca,Product,Lotus Stand - Wood Cabin,"<p>We are caretakers of these crystals for just a fraction of their existence. Crystals took hundreds of thousands of years to form, so let us honor and cherish them in our lives. The Lotus Stand was created to do just that. This will fit any size crystal sphere, egg, or anything else you can imagine. Created with 6 layers of laser cut stained wood this is ready for you to enjoy with any favorite crystal you already have.</p>",e5e2db_12dc0c879568413f9c4fde68ab25ef56~mv2.jpg;e5e2db_b0f6b087de9e47e7a0986df717d5a1c4~mv2.jpg,Sphere Stands,,,30.0,,true,PERCENT,0.0,0,,,Size,DROP_DOWN,5.5 in (14 cm);6.7 in (17 cm),,,,,,,,,,,,,,,,,,,,,,,,,,,,,,,,,,
product_db91ed2f-06ae-7bbe-58b5-94d519d7c9ca,Variant,,,,,,,,10.0,true,,,5,,,,,6.7 in (17 cm),,,,,,,,,,,,,,,,,,,,,,,,,,,,,,,,,,
product_db91ed2f-06ae-7bbe-58b5-94d519d7c9ca,Variant,,,,,,,,,true,,,6,,,,,5.5 in (14 cm),,,,,,,,,,,,,,,,,,,,,,,,,,,,,,,,,,
product_d70778dd-c560-80a2-eedc-973d72c0ee6f,Product,Lotus Stand - Still Night,"<p>We are caretakers of these crystals for just a fraction of their existence. Crystals took hundreds of thousands of years to form, so let us honor and cherish them in our lives. The Lotus Stand was created to do just that. This will fit any size crystal sphere, egg, or anything else you can imagine. Created with 6 layers of laser cut stained wood this is ready for you to enjoy with any favorite crystal you already have.</p>",e5e2db_5801ccb2e7824935ada2ef19059a1362~mv2.jpg;e5e2db_46e542c0e45f46b79ecba9c3a5ff379c~mv2.jpg,Sphere Stands,,,30.0,,true,PERCENT,0.0,0,,,Size,DROP_DOWN,5.5 in (14 cm);6.7 in (17 cm),,,,,,,,,,,,,,,,,,,,,,,,,,,,,,,,,,
product_d70778dd-c560-80a2-eedc-973d72c0ee6f,Variant,,,,,,,,10.0,true,,,4,,,,,6.7 in (17 cm),,,,,,,,,,,,,,,,,,,,,,,,,,,,,,,,,,
product_d70778dd-c560-80a2-eedc-973d72c0ee6f,Variant,,,,,,,,,true,,,4,,,,,5.5 in (14 cm),,,,,,,,,,,,,,,,,,,,,,,,,,,,,,,,,,
product_80730875-6545-ca26-d596-54f612bc907b,Product,Lotus Stand - Summer Harvest,"<p>We are caretakers of these crystals for just a fraction of their existence. Crystals took hundreds of thousands of years to form, so let us honor and cherish them in our lives. The Lotus Stand was created to do just that. This will fit any size crystal sphere, egg, or anything else you can imagine. Created with 6 layers of laser cut stained wood this is ready for you to enjoy with any favorite crystal you already have.</p>",e5e2db_2fd4bab14cc44811980c8de7c98a5025~mv2.jpg;e5e2db_be56d0cf5fb04b89bc3aae803299320c~mv2.jpg,Sphere Stands,,,30.0,,true,PERCENT,0.0,0,,,Size,DROP_DOWN,5.5 in (14 cm),,,,,,,,,,,,,,,,,,,,,,,,,,,,,,,,,,
product_80730875-6545-ca26-d596-54f612bc907b,Variant,,,,,,,,,true,,,9,,,,,5.5 in (14 cm),,,,,,,,,,,,,,,,,,,,,,,,,,,,,,,,,,
product_20f27049-2b8a-c85b-aabd-63c3cf41e901,Product,Sol Bloom,"<p>This Mini Mandala is a limited, hand painted, one of a kind work of art. Its unique laser etched design in engraved into a wooden MDF material then airbrushed, painted, and then covered with 3 coats of crystal clear enamel. They are water resistant but not proof. Great for your alter or those small places on your wall that could use some extra color.</p>",522d56_bf836f28dbc74dc1836000ed81f2958b~mv2.jpg;522d56_cd5410e6d4b14877a4ae1478903cc5d5~mv2.jpg,Mini Mandalas,,,40.0,,true,PERCENT,0.0,0,,,Size,DROP_DOWN,5.5 in (14 cm),,,,,,,,,,,,,,,,,,,,,,,,,,,,,,,,,,
product_20f27049-2b8a-c85b-aabd-63c3cf41e901,Variant,,,,,,,,,true,,,1,,,,,5.5 in (14 cm),,,,,,,,,,,,,,,,,,,,,,,,,,,,,,,,,,
product_d4024da8-9be6-8804-cea1-4caaeeab7090,Product,Luva,"<p>This Mini Mandala is a limited, hand painted, one of a kind work of art. Its unique laser etched design in engraved into a wooden MDF material then airbrushed, painted, and then covered with 3 coats of crystal clear enamel. They are water resistant but not proof. Great for your alter or those small places on your wall that could use some extra color.</p>",522d56_26fc6af478ca43d0b737bf73360aae85~mv2.jpg;522d56_2ebbff597c584d31a4be6ce812cd6a0c~mv2.jpg,Mini Mandalas,,,40.0,,true,PERCENT,0.0,0,,,Size,DROP_DOWN,5.5 in (14 cm),,,,,,,,,,,,,,,,,,,,,,,,,,,,,,,,,,
product_d4024da8-9be6-8804-cea1-4caaeeab7090,Variant,,,,,,,,,true,,,1,,,,,5.5 in (14 cm),,,,,,,,,,,,,,,,,,,,,,,,,,,,,,,,,,
product_0ce1ecd2-8934-2025-c379-ff3a5e77f9c0,Product,Loa,"<p>This Mini Mandala is a limited, hand painted, one of a kind work of art. Its unique laser etched design in engraved into a wooden MDF material then airbrushed, painted, and then covered with 3 coats of crystal clear enamel. They are water resistant but not proof. Great for your alter or those small places on your wall that could use some extra color.</p>",522d56_5165d9b783f74fe1a4bbe8a38562f7b0~mv2.jpg;522d56_eddf4133128342cb845e83f618989d13~mv2.jpg,Mini Mandalas,,,40.0,,true,PERCENT,0.0,0,,,Size,DROP_DOWN,5.5 in (14 cm),,,,,,,,,,,,,,,,,,,,,,,,,,,,,,,,,,
product_0ce1ecd2-8934-2025-c379-ff3a5e77f9c0,Variant,,,,,,,,,true,,,1,,,,,5.5 in (14 cm),,,,,,,,,,,,,,,,,,,,,,,,,,,,,,,,,,
product_5559367a-9f90-82c1-1d53-4e96cea8a54e,Product,Sul,"<p>This Mini Mandala is a limited, hand painted, one of a kind work of art. Its unique laser etched design in engraved into a wooden MDF material then airbrushed, painted, and then covered with 3 coats of crystal clear enamel. They are water resistant but not proof. Great for your alter or those small places on your wall that could use some extra color.</p>",522d56_c724f2d9348c4eb4aa7c542c2eb03d04~mv2.jpg;522d56_2805b402a8b643b99bac6b83d81b0d90~mv2.jpg,Mini Mandalas,,,40.0,,true,PERCENT,0.0,0,,,Size,DROP_DOWN,5.5 in (14 cm),,,,,,,,,,,,,,,,,,,,,,,,,,,,,,,,,,
product_5559367a-9f90-82c1-1d53-4e96cea8a54e,Variant,,,,,,,,,true,,,1,,,,,5.5 in (14 cm),,,,,,,,,,,,,,,,,,,,,,,,,,,,,,,,,,
product_9a3132a9-ef67-9fb6-7edd-5e14ca0d6fce,Product,Res,"<p>This Mini Mandala is a limited, hand painted, one of a kind work of art. Its unique laser etched design in engraved into a wooden MDF material then airbrushed, painted, and then covered with 3 coats of crystal clear enamel. They are water resistant but not proof. Great for your alter or those small places on your wall that could use some extra color.</p>",522d56_3f968bc39a064f058330cdd108da814a~mv2.jpg;522d56_5b534d3b41b44051bb159ec7d42ef3ff~mv2.jpg,Mini Mandalas,,,40.0,,true,PERCENT,0.0,0,,,Size,DROP_DOWN,5.5 in (14 cm),,,,,,,,,,,,,,,,,,,,,,,,,,,,,,,,,,
product_9a3132a9-ef67-9fb6-7edd-5e14ca0d6fce,Variant,,,,,,,,,true,,,0,,,,,5.5 in (14 cm),,,,,,,,,,,,,,,,,,,,,,,,,,,,,,,,,,
product_1b69ab1d-0b9d-d2d2-c839-d07caee1c2c4,Product,Lotus Stand - Autumn Bloom,"<p>We are caretakers of these crystals for just a fraction of their existence. Crystals took hundreds of thousands of years to form, so let us honor and cherish them in our lives. The Lotus Stand was created to do just that. This will fit any size crystal sphere, egg, or anything else you can imagine. Created with 6 layers of laser cut stained wood this is ready for you to enjoy with any favorite crystal you already have.</p>",e5e2db_93162728f54c46ca814a0523a97849cc~mv2.jpg,Sphere Stands,,,30.0,,true,PERCENT,0.0,0,,,Size,DROP_DOWN,5.5 in (14 cm),,,,,,,,,,,,,,,,,,,,,,,,,,,,,,,,,,
product_1b69ab1d-0b9d-d2d2-c839-d07caee1c2c4,Variant,,,,,LBT,,,,true,,,2,,,,,5.5 in (14 cm),,,,,,,,,,,,,,,,,,,,,,,,,,,,,,,,,,
product_c295b808-e3fc-4f0c-59da-89b5893b8af6,Product,Lotus Stand - Midnight Fall,"<p>We are caretakers of these crystals for just a fraction of their existence. Crystals took hundreds of thousands of years to form, so let us honor and cherish them in our lives. The Lotus Stand was created to do just that. This will fit any size crystal sphere, egg, or anything else you can imagine. Created with 6 layers of laser cut stained wood this is ready for you to enjoy with any favorite crystal you already have.</p>",e5e2db_deef6eb45f9b40e18977b0d0d5c2ab3c~mv2.jpg;e5e2db_37504046fd584350a03cdd0eb0658197~mv2.jpg;e5e2db_3d5edfff9b5548078d7cb4eefb0df3d1~mv2.jpg,Sphere Stands,,,30.0,,true,PERCENT,0.0,0,,,Size,DROP_DOWN,5.5 in (14 cm);6.7 in (17 cm),,,,,,,,,,,,,,,,,,,,,,,,,,,,,,,,,,
product_c295b808-e3fc-4f0c-59da-89b5893b8af6,Variant,,,,,SSBBB17,,,10.0,true,,,7,,,,,6.7 in (17 cm),,,,,,,,,,,,,,,,,,,,,,,,,,,,,,,,,,
product_c295b808-e3fc-4f0c-59da-89b5893b8af6,Variant,,,,,SSBBB14,,,,true,,,6,,,,,5.5 in (14 cm),,,,,,,,,,,,,,,,,,,,,,,,,,,,,,,,,,
product_c39e641c-60e5-f80e-5978-e0acd86eafb9,Product,Aoc,"<p>This Mini Mandala is a limited, hand painted, one of a kind work of art. Its unique laser etched design in engraved into a wooden MDF material then airbrushed, painted, and then covered with 3 coats of crystal clear enamel. They are water resistant but not proof. Great for your alter or those small places on your wall that could use some extra color.</p>",522d56_6fe8e6ac31654e248060d3228d402a19~mv2.jpg;522d56_8a5049c965824f3c89a5666d24d0e190~mv2.jpg,Mini Mandalas,,,40.0,,true,PERCENT,0.0,0,,,Size,DROP_DOWN,5.5 in (14 cm),,,,,,,,,,,,,,,,,,,,,,,,,,,,,,,,,,
product_c39e641c-60e5-f80e-5978-e0acd86eafb9,Variant,,,,,MM1,,,,true,,,1,,,,,5.5 in (14 cm),,,,,,,,,,,,,,,,,,,,,,,,,,,,,,,,,,
product_58475464-b48a-0270-23b1-d59264351d97,Product,Sino Chano,"<p>Sino Chano is a Light Code and part of the Resonant Formations.</p><p>&nbsp;</p><p>The Resonant Formations are the experience of energy, frequency and vibration. Gods, Deities, Celestials, and Extra Terrestrials are all different ways we relate to these formations. Truth is found in their resonance. They remind us of our divinity, support us in embodiment, and inspire mystery and wonder.</p><p>&nbsp;</p><p>This code is engraved in wood using invisible light. It measures approximately 12 inches (30 Centimeters), coated with a clear coat for durability, with a gallery box mounting ready to hang.</p>",e5e2db_136273e7e3704122abee7ae6c2adbf50~mv2.jpg,Light Codes,LCRF14,,55.0,,true,PERCENT,0.0,1,,,Size,DROP_DOWN,8-12 in (20-30 cm),Series,DROP_DOWN,Resonant Formation,,,,,,,,,,,,,Size,"<p>This measures around 12&nbsp;Inches (30&nbsp;cm)</p>
",Shipping,"<p>This was created in the mystical Ubud, Bali so please allow 1-3 weeks for shipping.</p>

<p>&nbsp;</p>

<p>Orders outside of the US will be charged separately for shipping after the purchase.</p>
",,,,,,,,,,,,,,,
product_f572dce5-e13d-edec-40d7-3606548b7ff6,Product,Bodi,"<p>Bodi&nbsp;is a Light Code and part of the Resonant Formations.</p><p>&nbsp;</p><p>The Resonant Formations are the experience of energy, frequency and vibration. Gods, Deities, Celestials, and Extra Terrestrials are all different ways we relate to these formations. Truth is found in their resonance. They remind us of our divinity, support us in embodiment, and inspire mystery and wonder.</p><p>&nbsp;</p><p>This code is engraved in wood using invisible light. It measures approximately 12 inches (30 Centimeters), coated with a clear coat for durability, with a gallery box mounting ready to hang.</p>",e5e2db_1adb879e0485424f818d630837ca106b~mv2.jpg,Light Codes,LCRF13,,55.0,,true,PERCENT,0.0,1,,,Size,DROP_DOWN,8-12 in (20-30 cm),Series,DROP_DOWN,Resonant Formation,,,,,,,,,,,,,Size,"<p>This measures around 12&nbsp;Inches (30&nbsp;cm)</p>
",Shipping,"<p>This was created in the mystical Ubud, Bali so please allow 1-3 weeks for shipping.</p>

<p>&nbsp;</p>

<p>Orders outside of the US will be charged separately for shipping after the purchase.</p>
",,,,,,,,,,,,,,,
product_f5fdea6d-583e-c3c9-baa4-8a4938275cd0,Product,Oseno,"<p>Oseno is a Light Code and part of the Resonant Formations.</p><p>&nbsp;</p><p>The Resonant Formations are the experience of energy, frequency and vibration. Gods, Deities, Celestials, and Extra Terrestrials are all different ways we relate to these formations. Truth is found in their resonance. They remind us of our divinity, support us in embodiment, and inspire mystery and wonder.</p><p>&nbsp;</p><p>This code is engraved in wood using invisible light. It measures approximately 12 inches (30 Centimeters), coated with a clear coat for durability, with a gallery box mounting ready to hang.&nbsp;</p>",e5e2db_a9d2130fafb54dc3b0d7b68e43866a8a~mv2.jpg,Light Codes,LCRF12,,55.0,,true,PERCENT,0.0,1,,,Size,DROP_DOWN,8-12 in (20-30 cm),Series,DROP_DOWN,Resonant Formation,,,,,,,,,,,,,Size,"<p>This measures around 12&nbsp;Inches (30&nbsp;cm)</p>
",Shipping,"<p>This was created in the mystical Ubud, Bali so please allow 1-3 weeks for shipping.</p>

<p>&nbsp;</p>

<p>Orders outside of the US will be charged separately for shipping after the purchase.</p>
",,,,,,,,,,,,,,,
product_b459e49a-c146-a3d4-0432-1f0dc0b1caf8,Product,Centrano,"<p>Centrano&nbsp;is a Light Code and part of the Resonant Formations.</p><p>&nbsp;</p><p>The Resonant Formations are the experience of energy, frequency and vibration. Gods, Deities, Celestials, and Extra Terrestrials are all different ways we relate to these formations. Truth is found in their resonance. They remind us of our divinity, support us in embodiment, and inspire mystery and wonder.</p><p>&nbsp;</p><p>This code is engraved in wood using invisible light. It measures approximately 12 inches (30 Centimeters), coated with a clear coat for durability, with a gallery box mounting ready to hang.</p>",e5e2db_2d3573f05bde4b46a2339e549d7a0820~mv2.jpg,Light Codes,LCRF11,,55.0,,true,PERCENT,0.0,1,,,Size,DROP_DOWN,8-12 in (20-30 cm),Series,DROP_DOWN,Resonant Formation,,,,,,,,,,,,,Size,"<p>This measures around 12&nbsp;Inches (30&nbsp;cm)</p>
",Shipping,"<p>This was created in the mystical Ubud, Bali so please allow 1-3 weeks for shipping.</p>

<p>&nbsp;</p>

<p>Orders outside of the US will be charged separately for shipping after the purchase.</p>
",,,,,,,,,,,,,,,
product_e05a0b97-7ad3-9868-cc36-6d2d8ddf3649,Product,Flanos,"<p>Flanos&nbsp;is a Light Code and part of the Resonant Formations.</p><p>&nbsp;</p><p>The Resonant Formations are the experience of energy, frequency and vibration. Gods, Deities, Celestials, and Extra Terrestrials are all different ways we relate to these formations. Truth is found in their resonance. They remind us of our divinity, support us in embodiment, and inspire mystery and wonder.</p><p>&nbsp;</p><p>This code is engraved in wood using invisible light. It measures approximately 12 inches (30 Centimeters), coated with a clear coat for durability, with a gallery box mounting ready to hang.</p>",e5e2db_b256ecc3a1354e72b993d9988f9221d6~mv2.jpg,Light Codes,LCRF10,,55.0,,true,PERCENT,0.0,1,,,Size,DROP_DOWN,8-12 in (20-30 cm),Series,DROP_DOWN,Resonant Formation,,,,,,,,,,,,,Size,"<p>This measures around 12&nbsp;Inches (30&nbsp;cm)</p>
",Shipping,"<p>This was created in the mystical Ubud, Bali so please allow 1-3 weeks for shipping.</p>

<p>&nbsp;</p>

<p>Orders outside of the US will be charged separately for shipping after the purchase.</p>
",,,,,,,,,,,,,,,
product_d07be8f9-e723-5bdb-ad00-2de8045f3c5a,Product,Nocturna,"<p>Nocturna&nbsp;is a Light Code and part of the Resonant Formations.</p><p>&nbsp;</p><p>The Resonant Formations are the experience of energy, frequency and vibration. Gods, Deities, Celestials, and Extra Terrestrials are all different ways we relate to these formations. Truth is found in their resonance. They remind us of our divinity, support us in embodiment, and inspire mystery and wonder.</p><p>&nbsp;</p><p>This code is engraved in wood using invisible light. It measures approximately 12 inches (30 Centimeters), coated with a clear coat for durability, with a gallery box mounting ready to hang.</p>",e5e2db_ce2c496f3a5648f8b9809ab3d658bb53~mv2.jpg,Light Codes,LCRF9,,55.0,,true,PERCENT,0.0,1,,,Size,DROP_DOWN,8-12 in (20-30 cm),Series,DROP_DOWN,Resonant Formation,,,,,,,,,,,,,Size,"<p>This measures around 12&nbsp;Inches (30&nbsp;cm)</p>
",Shipping,"<p>This was created in the mystical Ubud, Bali so please allow 1-3 weeks for shipping.</p>

<p>&nbsp;</p>

<p>Orders outside of the US will be charged separately for shipping after the purchase.</p>
",,,,,,,,,,,,,,,
product_2e0aa8ac-9d76-45e0-8b55-35ece9b81678,Product,Wifly,"<p>Wifly&nbsp;is a Light Code and part of the Resonant Formations.</p><p>&nbsp;</p><p>The Resonant Formations are the experience of energy, frequency and vibration. Gods, Deities, Celestials, and Extra Terrestrials are all different ways we relate to these formations. Truth is found in their resonance. They remind us of our divinity, support us in embodiment, and inspire mystery and wonder.</p><p>&nbsp;</p><p>This code is engraved in wood using invisible light. It measures approximately 12 inches (30 Centimeters), coated with a clear coat for durability, with a gallery box mounting ready to hang.</p>",e5e2db_aec0ad300e604b39a00c51759ec6fb49~mv2.jpg,Light Codes,LCRF8,,55.0,,true,PERCENT,0.0,1,,,Size,DROP_DOWN,8-12 in (20-30 cm),Series,DROP_DOWN,Resonant Formation,,,,,,,,,,,,,Size,"<p>This measures around 12&nbsp;Inches (30&nbsp;cm)</p>
",Shipping,"<p>This was created in the mystical Ubud, Bali so please allow 1-3 weeks for shipping.</p>

<p>&nbsp;</p>

<p>Orders outside of the US will be charged separately for shipping after the purchase.</p>
",,,,,,,,,,,,,,,
product_422a1839-b928-ca71-a3ff-92157f55c575,Product,Cosmi,"<p>Cosmi&nbsp;is a Light Code and part of the Resonant Formations.</p><p>&nbsp;</p><p>The Resonant Formations are the experience of energy, frequency and vibration. Gods, Deities, Celestials, and Extra Terrestrials are all different ways we relate to these formations. Truth is found in their resonance. They remind us of our divinity, support us in embodiment, and inspire mystery and wonder.</p><p>&nbsp;</p><p>This code is engraved in wood using invisible light. It measures approximately 12 inches (30 Centimeters), coated with a clear coat for durability, with a gallery box mounting ready to hang.</p>",e5e2db_7244f7b0276c483a8bd3d49b3cb7ed7d~mv2.jpg,Light Codes,LCRF7,,55.0,,true,PERCENT,0.0,1,,,Size,DROP_DOWN,8-12 in (20-30 cm),Series,DROP_DOWN,Resonant Formation,,,,,,,,,,,,,Size,"<p>This measures around 12&nbsp;Inches (30&nbsp;cm)</p>
",Shipping,"<p>This was created in the mystical Ubud, Bali so please allow 1-3 weeks for shipping.</p>

<p>&nbsp;</p>

<p>Orders outside of the US will be charged separately for shipping after the purchase.</p>
",,,,,,,,,,,,,,,
product_ccdb3ba5-8657-5e96-2a54-e6ca12c74eec,Product,Elona,"<p>Elona&nbsp;is a Light Code and part of the Resonant Formations.</p><p>&nbsp;</p><p>The Resonant Formations are the experience of energy, frequency and vibration. Gods, Deities, Celestials, and Extra Terrestrials are all different ways we relate to these formations. Truth is found in their resonance. They remind us of our divinity, support us in embodiment, and inspire mystery and wonder.</p><p>&nbsp;</p><p>This code is engraved in wood using invisible light. It measures approximately 12 inches (30 Centimeters), coated with a clear coat for durability, with a gallery box mounting ready to hang.</p>",e5e2db_9f62c5ae89434235b8e709a6ef6b1ddb~mv2.jpg,Light Codes,LCRF6,,55.0,,true,PERCENT,0.0,1,,,Size,DROP_DOWN,8-12 in (20-30 cm),Series,DROP_DOWN,Resonant Formation,,,,,,,,,,,,,Size,"<p>This measures around 12&nbsp;Inches (30&nbsp;cm)</p>
",Shipping,"<p>This was created in the mystical Ubud, Bali so please allow 1-3 weeks for shipping.</p>

<p>&nbsp;</p>

<p>Orders outside of the US will be charged separately for shipping after the purchase.</p>
",,,,,,,,,,,,,,,
product_c635304f-ab46-a7b5-2448-2dc2da4295fd,Product,Derah,"<p>Derah&nbsp;is a Light Code and part of the Resonant Formations.</p><p>&nbsp;</p><p>The Resonant Formations are the experience of energy, frequency and vibration. Gods, Deities, Celestials, and Extra Terrestrials are all different ways we relate to these formations. Truth is found in their resonance. They remind us of our divinity, support us in embodiment, and inspire mystery and wonder.</p><p>&nbsp;</p><p>This code is engraved in wood using invisible light. It measures approximately 12 inches (30 Centimeters), coated with a clear coat for durability, with a gallery box mounting ready to hang.</p>",e5e2db_d45cddba73e74c42a101123410fdeea8~mv2.jpg,Light Codes,LCRF5,,55.0,,true,PERCENT,0.0,1,,,Size,DROP_DOWN,8-12 in (20-30 cm),Series,DROP_DOWN,Resonant Formation,,,,,,,,,,,,,Size,"<p>This measures around 12&nbsp;Inches (30&nbsp;cm)</p>
",Shipping,"<p>This was created in the mystical Ubud, Bali so please allow 1-3 weeks for shipping.</p>

<p>&nbsp;</p>

<p>Orders outside of the US will be charged separately for shipping after the purchase.</p>
",,,,,,,,,,,,,,,
product_f71eb30d-7305-7edc-5373-ce401b667873,Product,Ramah,"<p>Ramah&nbsp;is a Light Code and part of the Resonant Formations.</p><p>&nbsp;</p><p>The Resonant Formations are the experience of energy, frequency and vibration. Gods, Deities, Celestials, and Extra Terrestrials are all different ways we relate to these formations. Truth is found in their resonance. They remind us of our divinity, support us in embodiment, and inspire mystery and wonder.</p><p>&nbsp;</p><p>This code is engraved in wood using invisible light. It measures approximately 12 inches (30 Centimeters), coated with a clear coat for durability, with a gallery box mounting ready to hang.</p>",e5e2db_1371e7658ef14d858ad688eeb8379110~mv2.jpg,Light Codes,LCRF4,,55.0,,true,PERCENT,0.0,1,,,Size,DROP_DOWN,8-12 in (20-30 cm),Series,DROP_DOWN,Resonant Formation,,,,,,,,,,,,,Size,"<p>This measures around 12&nbsp;Inches (30&nbsp;cm)</p>
",Shipping,"<p>This was created in the mystical Ubud, Bali so please allow 1-3 weeks for shipping.</p>

<p>&nbsp;</p>

<p>Orders outside of the US will be charged separately for shipping after the purchase.</p>
",,,,,,,,,,,,,,,
product_8d04cac2-bb2d-d826-9dcd-4ac0965cc16c,Product,Toran,"<p>Toran&nbsp;is a Light Code and part of the Resonant Formations.</p><p>&nbsp;</p><p>The Resonant Formations are the experience of energy, frequency and vibration. Gods, Deities, Celestials, and Extra Terrestrials are all different ways we relate to these formations. Truth is found in their resonance. They remind us of our divinity, support us in embodiment, and inspire mystery and wonder.</p><p>&nbsp;</p><p>This code is engraved in wood using invisible light. It measures approximately 12 inches (30 Centimeters), coated with a clear coat for durability, with a gallery box mounting ready to hang.</p>",e5e2db_820296e90f9c4ffdaa57fc3ec5b96db0~mv2.jpg,Light Codes,LCRF3,,55.0,,true,PERCENT,0.0,1,,,Size,DROP_DOWN,8-12 in (20-30 cm),Series,DROP_DOWN,Resonant Formation,,,,,,,,,,,,,Size,"<p>This measures around 12&nbsp;Inches (30&nbsp;cm)</p>
",Shipping,"<p>This was created in the mystical Ubud, Bali so please allow 1-3 weeks for shipping.</p>

<p>&nbsp;</p>

<p>Orders outside of the US will be charged separately for shipping after the purchase.</p>
",,,,,,,,,,,,,,,
product_9cdd8d45-c02e-ce96-3a86-ddbe4500d22c,Product,Natura,"<p>Natura&nbsp;is a Light Code and part of the Resonant Formations.</p><p>&nbsp;</p><p>The Resonant Formations are the experience of energy, frequency and vibration. Gods, Deities, Celestials, and Extra Terrestrials are all different ways we relate to these formations. Truth is found in their resonance. They remind us of our divinity, support us in embodiment, and inspire mystery and wonder.</p><p>&nbsp;</p><p>This code is engraved in wood using invisible light. It measures approximately 12 inches (30 Centimeters), coated with a clear coat for durability, with a gallery box mounting ready to hang.</p>",e5e2db_ec4fc1bd46d14c93a7f1d7744ef853af~mv2.jpg,Light Codes,LCRF2,,55.0,,true,PERCENT,0.0,1,,,Size,DROP_DOWN,8-12 in (20-30 cm),Series,DROP_DOWN,Resonant Formation,,,,,,,,,,,,,Size,"<p>This measures around 12&nbsp;Inches (30&nbsp;cm)</p>
",Shipping,"<p>This was created in the mystical Ubud, Bali so please allow 1-3 weeks for shipping.</p>

<p>&nbsp;</p>

<p>Orders outside of the US will be charged separately for shipping after the purchase.</p>
",,,,,,,,,,,,,,,
product_8b7b1425-1d13-8c26-eded-bea6ca8b83aa,Product,Yonis,"<p>Yonis&nbsp;is a Light Code and part of the Resonant Formations.</p><p>&nbsp;</p><p>The Resonant Formations are the experience of energy, frequency and vibration. Gods, Deities, Celestials, and Extra Terrestrials are all different ways we relate to these formations. Truth is found in their resonance. They remind us of our divinity, support us in embodiment, and inspire mystery and wonder.</p><p>&nbsp;</p><p>This code is engraved in wood using invisible light. It measures approximately 12 inches (30 Centimeters), coated with a clear coat for durability, with a gallery box mounting ready to hang.</p>",e5e2db_2ac9409c5202408d9d2b33b2cece1fd0~mv2.jpg,Light Codes,LCRF1,,55.0,,true,PERCENT,0.0,1,,,Size,DROP_DOWN,8-12 in (20-30 cm),Series,DROP_DOWN,Resonant Formation,,,,,,,,,,,,,Size,"<p>This measures around 12&nbsp;Inches (30&nbsp;cm)</p>
",Shipping,"<p>This was created in the mystical Ubud, Bali so please allow 1-3 weeks for shipping.</p>

<p>&nbsp;</p>

<p>Orders outside of the US will be charged separately for shipping after the purchase.</p>
",,,,,,,,,,,,,,,
product_ee425841-d1cb-1f9b-b9e2-be44cf0a29ad,Product,Fluma,"<p>Fluma&nbsp;is a Light Code and part of the Frequency Foundations.</p><p>&nbsp;</p><p>Frequency Foundations are a visual blueprint of different planes of reality. They are rhythms and patterns guided by frequency for form to be perceived and experienced. As we change the frequency of our foundation different realities are illuminated; with that our perceptions, feelings, and experiences shift.</p><p>&nbsp;</p><p>This code is engraved in wood using invisible light. It measures approximately 12x23.5 inches (30x60 Centimeters), coated with a clear coat for durability, with a gallery box mounting ready to hang.</p>",e5e2db_d7878543cf5d47fd8f3606435a69c46e~mv2.jpg,Light Codes,LCFF11,,85.0,,true,PERCENT,0.0,1,,,Size,DROP_DOWN,13-20 in (31-50 cm),Series,DROP_DOWN,Frequency Foundation,,,,,,,,,,,,,Size,"<p>This measures around 12x23.5 Inches (30cm x 60cm)</p>
",Shipping,"<p>This was created in the mystical Ubud, Bali so please allow 1-3 weeks for shipping.</p>

<p>&nbsp;</p>

<p>Orders outside of the US will be charged separately for shipping after the purchase.</p>
",,,,,,,,,,,,,,,
product_f6645247-0e71-9c68-3ed5-cbffe52d8772,Product,Egon,"<p>Egon&nbsp;is a Light Code and part of the Frequency Foundations.</p><p>&nbsp;</p><p>Frequency Foundations are a visual blueprint of different planes of reality. They are rhythms and patterns guided by frequency for form to be perceived and experienced. As we change the frequency of our foundation different realities are illuminated; with that our perceptions, feelings, and experiences shift.</p><p>&nbsp;</p><p>This code is engraved in wood using invisible light. It measures approximately 12 inches (30 Centimeters), coated with a clear coat for durability, with a gallery box mounting ready to hang.</p>",e5e2db_023a2a17f31144d38e9761f23b55d2c7~mv2.jpg,Light Codes,LCFF10,,55.0,,true,PERCENT,0.0,1,,,Size,DROP_DOWN,8-12 in (20-30 cm),Series,DROP_DOWN,Frequency Foundation,,,,,,,,,,,,,Size,"<p>This measures around 12&nbsp;Inches (30&nbsp;cm)</p>
",Shipping,"<p>This was created in the mystical Ubud, Bali so please allow 1-3 weeks for shipping.</p>

<p>&nbsp;</p>

<p>Orders outside of the US will be charged separately for shipping after the purchase.</p>
",,,,,,,,,,,,,,,
product_182cf48d-cf84-488b-f707-c44e94c85796,Product,Flora,"<p>Flora&nbsp;is a Light Code and part of the Frequency Foundations.</p><p>&nbsp;</p><p>Frequency Foundations are a visual blueprint of different planes of reality. They are rhythms and patterns guided by frequency for form to be perceived and experienced. As we change the frequency of our foundation different realities are illuminated; with that our perceptions, feelings, and experiences shift.</p><p>&nbsp;</p><p>This code is engraved in wood using invisible light. It measures approximately 12 inches (30 Centimeters), coated with a clear coat for durability, with a gallery box mounting ready to hang.</p>",e5e2db_fc5934a81a334c29973a3dea7c13476a~mv2.jpg,Light Codes,LCFF9,,55.0,,true,PERCENT,0.0,1,,,Size,DROP_DOWN,8-12 in (20-30 cm),Series,DROP_DOWN,Frequency Foundation,,,,,,,,,,,,,Size,"<p>This measures around 12&nbsp;Inches (30&nbsp;cm)</p>
",Shipping,"<p>This was created in the mystical Ubud, Bali so please allow 1-3 weeks for shipping.</p>

<p>&nbsp;</p>

<p>Orders outside of the US will be charged separately for shipping after the purchase.</p>
",,,,,,,,,,,,,,,
product_96e81cd9-fa53-020b-db1f-a7713b42a7b1,Product,Tribon,"<p>Tribon&nbsp;is a Light Code and part of the Frequency Foundations.</p><p>&nbsp;</p><p>Frequency Foundations are a visual blueprint of different planes of reality. They are rhythms and patterns guided by frequency for form to be perceived and experienced. As we change the frequency of our foundation different realities are illuminated; with that our perceptions, feelings, and experiences shift.</p><p>&nbsp;</p><p>This code is engraved in wood using invisible light. It measures approximately 12 inches (30 Centimeters), coated with a clear coat for durability, with a gallery box mounting ready to hang.</p>",e5e2db_a5a43a20b6d24099af6a7b41812b3b1f~mv2.jpg,Light Codes,LCFF8,,55.0,,true,PERCENT,0.0,1,,,Size,DROP_DOWN,8-12 in (20-30 cm),Series,DROP_DOWN,Frequency Foundation,,,,,,,,,,,,,Size,"<p>This measures around 12&nbsp;Inches (30&nbsp;cm)</p>
",Shipping,"<p>This was created in the mystical Ubud, Bali so please allow 1-3 weeks for shipping.</p>

<p>&nbsp;</p>

<p>Orders outside of the US will be charged separately for shipping after the purchase.</p>
",,,,,,,,,,,,,,,
product_df312f4a-fb9f-8463-a006-9d7048515d32,Product,Utone,"<p>Utone&nbsp;is a Light Code and part of the Frequency Foundations.</p><p>&nbsp;</p><p>Frequency Foundations are a visual blueprint of different planes of reality. They are rhythms and patterns guided by frequency for form to be perceived and experienced. As we change the frequency of our foundation different realities are illuminated; with that our perceptions, feelings, and experiences shift.</p><p>&nbsp;</p><p>This code is engraved in wood using invisible light. It measures approximately 12 inches (30 Centimeters), coated with a clear coat for durability, with a gallery box mounting ready to hang.</p>",e5e2db_f4f5568b3b2044c9a308ff1b020dcf05~mv2.jpg,Light Codes,LCFF7,,55.0,,true,PERCENT,0.0,1,,,Size,DROP_DOWN,8-12 in (20-30 cm),Series,DROP_DOWN,Frequency Foundation,,,,,,,,,,,,,Size,"<p>This measures around 12&nbsp;Inches (30&nbsp;cm)</p>
",Shipping,"<p>This was created in the mystical Ubud, Bali so please allow 1-3 weeks for shipping.</p>

<p>&nbsp;</p>

<p>Orders outside of the US will be charged separately for shipping after the purchase.</p>
",,,,,,,,,,,,,,,
product_8aced49c-6484-dff3-dce0-1e4b3893d5fc,Product,Rondot,"<p>Rondot&nbsp;is a Light Code and part of the Frequency Foundations.</p><p>&nbsp;</p><p>Frequency Foundations are a visual blueprint of different planes of reality. They are rhythms and patterns guided by frequency for form to be perceived and experienced. As we change the frequency of our foundation different realities are illuminated; with that our perceptions, feelings, and experiences shift.</p><p>&nbsp;</p><p>This code is engraved in wood using invisible light. It measures approximately 12 inches (30 Centimeters), coated with a clear coat for durability, with a gallery box mounting ready to hang.</p>",e5e2db_ae6e8f6ab99f4024b34f6f18d6ce37a7~mv2.jpg,Light Codes,LCFF6,,55.0,,true,PERCENT,0.0,1,,,Size,DROP_DOWN,8-12 in (20-30 cm),Series,DROP_DOWN,Frequency Foundation,,,,,,,,,,,,,Size,"<p>This measures around 12&nbsp;Inches (30&nbsp;cm)</p>
",Shipping,"<p>This was created in the mystical Ubud, Bali so please allow 1-3 weeks for shipping.</p>

<p>&nbsp;</p>

<p>Orders outside of the US will be charged separately for shipping after the purchase.</p>
",,,,,,,,,,,,,,,
product_ea637578-e2d8-bf6a-cedd-4f4c6c161e58,Product,Zelio,"<p>Zelio&nbsp;is a Light Code and part of the Frequency Foundations.</p><p>&nbsp;</p><p>Frequency Foundations are a visual blueprint of different planes of reality. They are rhythms and patterns guided by frequency for form to be perceived and experienced. As we change the frequency of our foundation different realities are illuminated; with that our perceptions, feelings, and experiences shift.</p><p>&nbsp;</p><p>This code is engraved in wood using invisible light. It measures approximately 12 inches (30 Centimeters), coated with a clear coat for durability, with a gallery box mounting ready to hang.</p>",e5e2db_f08de5a048844aa48bbeae47e5584c4b~mv2.jpg,Light Codes,LCFF5,,55.0,,true,PERCENT,0.0,1,,,Size,DROP_DOWN,8-12 in (20-30 cm),Series,DROP_DOWN,Frequency Foundation,,,,,,,,,,,,,Size,"<p>This measures around 12&nbsp;Inches (30&nbsp;cm)</p>
",Shipping,"<p>This was created in the mystical Ubud, Bali so please allow 1-3 weeks for shipping.</p>

<p>&nbsp;</p>

<p>Orders outside of the US will be charged separately for shipping after the purchase.</p>
",,,,,,,,,,,,,,,
product_6c951fe6-a042-6838-4118-0d0c879b36b0,Product,Tijiro,"<p>Tijiro&nbsp;is a Light Code and part of the Frequency Foundations.</p><p>&nbsp;</p><p>Frequency Foundations are a visual blueprint of different planes of reality. They are rhythms and patterns guided by frequency for form to be perceived and experienced. As we change the frequency of our foundation different realities are illuminated; with that our perceptions, feelings, and experiences shift.</p><p>&nbsp;</p><p>This code is engraved in wood using invisible light. It measures approximately 12 inches (30 Centimeters), coated with a clear coat for durability, with a gallery box mounting ready to hang.</p>",e5e2db_4042d06e7e9245d28825b459fa286ede~mv2.jpg,Light Codes,LCFF4,,55.0,,true,PERCENT,0.0,1,,,Size,DROP_DOWN,8-12 in (20-30 cm),Series,DROP_DOWN,Frequency Foundation,,,,,,,,,,,,,Size,"<p>This measures around 12&nbsp;Inches (30&nbsp;cm)</p>
",Shipping,"<p>This was created in the mystical Ubud, Bali so please allow 1-3 weeks for shipping.</p>

<p>&nbsp;</p>

<p>Orders outside of the US will be charged separately for shipping after the purchase.</p>
",,,,,,,,,,,,,,,
product_f1e7d249-c338-b0ae-bbe1-8b6b263cc1e3,Product,Onxen,"<p>Onxen&nbsp;is a Light Code and part of the Frequency Foundations.</p><p>&nbsp;</p><p>Frequency Foundations are a visual blueprint of different planes of reality. They are rhythms and patterns guided by frequency for form to be perceived and experienced. As we change the frequency of our foundation different realities are illuminated; with that our perceptions, feelings, and experiences shift.</p><p>&nbsp;</p><p>This code is engraved in wood using invisible light. It measures approximately 12 inches (30 Centimeters), coated with a clear coat for durability, with a gallery box mounting ready to hang.</p>",e5e2db_09a2f51ceade499d90aad09658794dc6~mv2.jpg,Light Codes,LCFF3,,55.0,,true,PERCENT,0.0,1,,,Size,DROP_DOWN,8-12 in (20-30 cm),Series,DROP_DOWN,Frequency Foundation,,,,,,,,,,,,,Size,"<p>This measures around 12&nbsp;Inches (30&nbsp;cm)</p>
",Shipping,"<p>This was created in the mystical Ubud, Bali so please allow 1-3 weeks for shipping.</p>

<p>&nbsp;</p>

<p>Orders outside of the US will be charged separately for shipping after the purchase.</p>
",,,,,,,,,,,,,,,
product_a249c791-f166-45f8-2e6a-bfa1dd3fae33,Product,Starla,"<p>Starla&nbsp;is a Light Code and part of the Frequency Foundations.</p><p>&nbsp;</p><p>Frequency Foundations are a visual blueprint of different planes of reality. They are rhythms and patterns guided by frequency for form to be perceived and experienced. As we change the frequency of our foundation different realities are illuminated; with that our perceptions, feelings, and experiences shift.</p><p>&nbsp;</p><p>This code is engraved in wood using invisible light. It measures approximately 12 inches (30 Centimeters), coated with a clear coat for durability, with a gallery box mounting ready to hang.</p>",e5e2db_287359a55ff94a1b908a39d76601c38e~mv2.jpg,Light Codes,LCFF2,,55.0,,true,PERCENT,0.0,1,,,Size,DROP_DOWN,8-12 in (20-30 cm),Series,DROP_DOWN,Frequency Foundation,,,,,,,,,,,,,Size,"<p>This measures around 12&nbsp;Inches (30&nbsp;cm)</p>
",Shipping,"<p>This was created in the mystical Ubud, Bali so please allow 1-3 weeks for shipping.</p>

<p>&nbsp;</p>

<p>Orders outside of the US will be charged separately for shipping after the purchase.</p>
",,,,,,,,,,,,,,,
product_ff341b31-270d-a83e-bfb6-1a8cf5d6c5ba,Product,Suni,"<p>Suni&nbsp;is a Light Code and part of the Frequency Foundations.</p><p>&nbsp;</p><p>Frequency Foundations are a visual blueprint of different planes of reality. They are rhythms and patterns guided by frequency for form to be perceived and experienced. As we change the frequency of our foundation different realities are illuminated; with that our perceptions, feelings, and experiences shift.</p><p>&nbsp;</p><p>This code is engraved in wood using invisible light. It measures approximately 12 inches (30 Centimeters), coated with a clear coat for durability, with a gallery box mounting ready to hang.</p>",e5e2db_9a293f9e4964494691c831e0b3bfccf9~mv2.jpg,Light Codes,LCFF1,,55.0,,true,PERCENT,0.0,1,,,Size,DROP_DOWN,8-12 in (20-30 cm),Series,DROP_DOWN,Embodied Vibration,,,,,,,,,,,,,Size,"<p>This measures around 12&nbsp;Inches (30&nbsp;cm)</p>
",Shipping,"<p>This was created in the mystical Ubud, Bali so please allow 1-3 weeks for shipping.</p>

<p>&nbsp;</p>

<p>Orders outside of the US will be charged separately for shipping after the purchase.</p>
",,,,,,,,,,,,,,,
product_0c5c6d0d-8bd0-c262-7c40-752a195a48a4,Product,Raza,"<p>Raza&nbsp;is a Light Code and part of the Embodied Vibrations.</p><p>&nbsp;</p><p>Embodied Vibrations are the universal songs that we are remembering. When we harmonize with and embody these vibrations we learn the language of life. Though every vibration feels different and song sounds different, it is the unity found in diversity that inspires a veneration for life.</p><p>&nbsp;</p><p>This code is engraved in wood using invisible light. It measures approximately 12 inches (30 Centimeters), coated with a clear coat for durability, with a gallery box mounting ready to hang.</p>",e5e2db_09cff097298d44c6a4b4291c1c5d1338~mv2.jpg,Light Codes,LCEV9,,55.0,,true,PERCENT,0.0,1,,,Size,DROP_DOWN,8-12 in (20-30 cm),Series,DROP_DOWN,Embodied Vibration,,,,,,,,,,,,,Size,"<p>This measures around 12&nbsp;Inches (30&nbsp;cm)</p>
",Shipping,"<p>This was created in the mystical Ubud, Bali so please allow 1-3 weeks for shipping.</p>

<p>&nbsp;</p>

<p>Orders outside of the US will be charged separately for shipping after the purchase.</p>
",,,,,,,,,,,,,,,
product_42d4298a-7b15-d423-a096-e4905c522308,Product,Cenil,"<p>Cenil&nbsp;is a Light Code and part of the Embodied Vibrations.</p><p>&nbsp;</p><p>Embodied Vibrations are the universal songs that we are remembering. When we harmonize with and embody these vibrations we learn the language of life. Though every vibration feels different and song sounds different, it is the unity found in diversity that inspires a veneration for life.</p><p>&nbsp;</p><p>This code is engraved in wood using invisible light. It measures approximately 12 inches (30 Centimeters), coated with a clear coat for durability, with a gallery box mounting ready to hang.</p>",e5e2db_4d045f1f6459493dac4df3c54c7a77d8~mv2.jpg,Light Codes,LCEV8,,55.0,,true,PERCENT,0.0,1,,,Size,DROP_DOWN,8-12 in (20-30 cm),Series,DROP_DOWN,Embodied Vibration,,,,,,,,,,,,,Size,"<p>This measures around 12&nbsp;Inches (30&nbsp;cm)</p>
",Shipping,"<p>This was created in the mystical Ubud, Bali so please allow 1-3 weeks for shipping.</p>

<p>&nbsp;</p>

<p>Orders outside of the US will be charged separately for shipping after the purchase.</p>
",,,,,,,,,,,,,,,
product_7c549d6d-a736-4ad1-e2bd-58caa56f28df,Product,Shama,"<p>Shama&nbsp;is a Light Code and part of the Embodied Vibrations.</p><p>&nbsp;</p><p>Embodied Vibrations are the universal songs that we are remembering. When we harmonize with and embody these vibrations we learn the language of life. Though every vibration feels different and song sounds different, it is the unity found in diversity that inspires a veneration for life.</p><p>&nbsp;</p><p>This code is engraved in wood using invisible light. It measures approximately 12 inches (30 Centimeters), coated with a clear coat for durability, with a gallery box mounting ready to hang.</p>",e5e2db_48bbb817aa7f45f6b4e033125e22a1c3~mv2.jpg,Light Codes,LCEV7,,55.0,,true,PERCENT,0.0,1,,,Size,DROP_DOWN,8-12 in (20-30 cm),Series,DROP_DOWN,Embodied Vibration,,,,,,,,,,,,,Size,"<p>This measures around 12&nbsp;Inches (30&nbsp;cm)</p>
",Shipping,"<p>This was created in the mystical Ubud, Bali so please allow 1-3 weeks for shipping.</p>

<p>&nbsp;</p>

<p>Orders outside of the US will be charged separately for shipping after the purchase.</p>
",,,,,,,,,,,,,,,
product_c8a4304a-1406-69f8-b194-5ce571a72e0b,Product,Kani,"<p>Kani&nbsp;is a Light Code and part of the Embodied Vibrations.</p><p>&nbsp;</p><p>Embodied Vibrations are the universal songs that we are remembering. When we harmonize with and embody these vibrations we learn the language of life. Though every vibration feels different and song sounds different, it is the unity found in diversity that inspires a veneration for life.</p><p>&nbsp;</p><p>This code is engraved in wood using invisible light. It measures approximately 12 inches (30 Centimeters), coated with a clear coat for durability, with a gallery box mounting ready to hang.</p>",e5e2db_fea89d24d9774c87ba8e33384b97a51e~mv2.jpg,Light Codes,LCEV6,,55.0,,true,PERCENT,0.0,1,,,Size,DROP_DOWN,8-12 in (20-30 cm),Series,DROP_DOWN,Embodied Vibration,,,,,,,,,,,,,Size,"<p>This measures around 12&nbsp;Inches (30&nbsp;cm)</p>
",Shipping,"<p>This was created in the mystical Ubud, Bali so please allow 1-3 weeks for shipping.</p>

<p>&nbsp;</p>

<p>Orders outside of the US will be charged separately for shipping after the purchase.</p>
",,,,,,,,,,,,,,,
product_d43e8058-1ed1-dd41-ad73-d5dece1cef7e,Product,Hiru,"<p>Hiru&nbsp;is a Light Code and part of the Embodied Vibrations.</p><p>&nbsp;</p><p>Embodied Vibrations are the universal songs that we are remembering. When we harmonize with and embody these vibrations we learn the language of life. Though every vibration feels different and song sounds different, it is the unity found in diversity that inspires a veneration for life.</p><p>&nbsp;</p><p>This code is engraved in wood using invisible light. It measures approximately 12 inches (30 Centimeters), coated with a clear coat for durability, with a gallery box mounting ready to hang.</p>",e5e2db_da56f0ade0de408cbaf473f0c2ee1acb~mv2.jpg,Light Codes,LCEV5,,55.0,,true,PERCENT,0.0,1,,,Size,DROP_DOWN,8-12 in (20-30 cm),Series,DROP_DOWN,Embodied Vibration,,,,,,,,,,,,,Size,"<p>This measures around 12&nbsp;Inches (30&nbsp;cm)</p>
",Shipping,"<p>This was created in the mystical Ubud, Bali so please allow 1-3 weeks for shipping.</p>

<p>&nbsp;</p>

<p>Orders outside of the US will be charged separately for shipping after the purchase.</p>
",,,,,,,,,,,,,,,
product_dcd693a5-c397-6de9-760e-bc1d610c7ea7,Product,Sophi,"<p>Sophi&nbsp;is a Light Code and part of the Embodied Vibrations.</p><p>&nbsp;</p><p>Embodied Vibrations are the universal songs that we are remembering. When we harmonize with and embody these vibrations we learn the language of life. Though every vibration feels different and song sounds different, it is the unity found in diversity that inspires a veneration for life.</p><p>&nbsp;</p><p>This code is engraved in wood using invisible light. It measures approximately 12 inches (30 Centimeters), coated with a clear coat for durability, with a gallery box mounting ready to hang.</p>",e5e2db_ea6c279cc07d48538bd6fc1438c909d6~mv2.jpg,Light Codes,LCEV4,,55.0,,true,PERCENT,0.0,1,,,Size,DROP_DOWN,8-12 in (20-30 cm),Series,DROP_DOWN,Embodied Vibration,,,,,,,,,,,,,Size,"<p>This measures around 12&nbsp;Inches (30&nbsp;cm)</p>
",Shipping,"<p>This was created in the mystical Ubud, Bali so please allow 1-3 weeks for shipping.</p>

<p>&nbsp;</p>

<p>Orders outside of the US will be charged separately for shipping after the purchase.</p>
",,,,,,,,,,,,,,,
product_f30d5e20-2837-c6aa-daa8-db275fe9425f,Product,Emans,"<p>Emans&nbsp;is a Light Code and part of the Embodied Vibrations.</p><p>&nbsp;</p><p>Embodied Vibrations are the universal songs that we are remembering. When we harmonize with and embody these vibrations we learn the language of life. Though every vibration feels different and song sounds different, it is the unity found in diversity that inspires a veneration for life.</p><p>&nbsp;</p><p>This code is engraved in wood using invisible light. It measures approximately 12 inches (30 Centimeters), coated with a clear coat for durability, with a gallery box mounting ready to hang.</p>",e5e2db_3966bf7a15364f6b983d35e9f08d9bbc~mv2.jpg,Light Codes,LCEV3,,55.0,,true,PERCENT,0.0,1,,,Size,DROP_DOWN,8-12 in (20-30 cm),Series,DROP_DOWN,Embodied Vibration,,,,,,,,,,,,,Size,"<p>This measures around 12&nbsp;Inches (30&nbsp;cm)</p>
",Shipping,"<p>This was created in the mystical Ubud, Bali so please allow 1-3 weeks for shipping.</p>

<p>&nbsp;</p>

<p>Orders outside of the US will be charged separately for shipping after the purchase.</p>
",,,,,,,,,,,,,,,
product_09354192-fe25-56b5-93f6-c9e677d9f6b3,Product,Ongo,"<p>Ongo&nbsp;is a Light Code and part of the Embodied Vibrations.</p><p>&nbsp;</p><p>Embodied Vibrations are the universal songs that we are remembering. When we harmonize with and embody these vibrations we learn the language of life. Though every vibration feels different and song sounds different, it is the unity found in diversity that inspires a veneration for life.</p><p>&nbsp;</p><p>This code is engraved in wood using invisible light. It measures approximately 12 inches (30 Centimeters), coated with a clear coat for durability, with a gallery box mounting ready to hang.</p>",e5e2db_765f37eaf7674401be5ba94259b3444a~mv2.jpg,Light Codes,LCEV2,,55.0,,true,PERCENT,0.0,1,,,Size,DROP_DOWN,8-12 in (20-30 cm),Series,DROP_DOWN,Embodied Vibration,,,,,,,,,,,,,Size,"<p>This measures around 12&nbsp;Inches (30&nbsp;cm)</p>
",Shipping,"<p>This was created in the mystical Ubud, Bali so please allow 1-3 weeks for shipping.</p>

<p>&nbsp;</p>

<p>Orders outside of the US will be charged separately for shipping after the purchase.</p>
",,,,,,,,,,,,,,,
product_dcece551-a588-6779-5213-17d3d376b5dd,Product,Sensis,"<p>Sensis&nbsp;is a Light Code and part of the Embodied Vibrations.</p><p>&nbsp;</p><p>Embodied Vibrations are the universal songs that we are remembering. When we harmonize with and embody these vibrations we learn the language of life. Though every vibration feels different and song sounds different, it is the unity found in diversity that inspires a veneration for life.</p><p>&nbsp;</p><p>This code is engraved in wood using invisible light. It measures approximately 12 inches (30 Centimeters), coated with a clear coat for durability, with a gallery box mounting ready to hang.</p>",e5e2db_4a83b617945a4ddd83d44af6d9b9d873~mv2.jpg,Light Codes,LCEV1,,55.0,,true,PERCENT,0.0,1,,,Size,DROP_DOWN,8-12 in (20-30 cm),Series,DROP_DOWN,Embodied Vibration,,,,,,,,,,,,,Size,"<p>This measures around 12&nbsp;Inches (30&nbsp;cm)</p>
",Shipping,"<p>This was created in the mystical Ubud, Bali so please allow 1-3 weeks for shipping.</p>

<p>&nbsp;</p>

<p>Orders outside of the US will be charged separately for shipping after the purchase.</p>
",,,,,,,,,,,,,,,
product_d6909e5a-7685-629d-489c-e14c2f55693f,Product,"Communion - Gold, Blue, Red","<p>As the mind quiets and the pencil flows the unseen emerges. Space, flow, angles and shapes interconnect to become one. From the eye of the beholder mind creates the story and heart, the experience. The art is neither, you are both. Laser cut, painted, stacked, glued, inlaid with labradorite, Communion is ready for you to enjoy.</p>",e5e2db_89c95a833f3c4affb589e7946f9d79c3~mv2.jpg,Fine Art,COM3,,1111.0,,true,PERCENT,0.0,1,12.0,,Size,DROP_DOWN,21-35 in (51-88 cm),,,,,,,,,,,,,,,,Size,"<p>This measures around 23&nbsp;Inches (58&nbsp;cm)</p>
",,,,,,,,,,,,,,,,,
product_04ef79b8-53aa-2526-44ff-272ebba2a3b2,Product,Communion - Red Burst,"<p>As the mind quiets and the pencil flows the unseen emerges. Space, flow, angles and shapes interconnect to become one. From the eye of the beholder mind creates the story and heart, the experience. The art is neither, you are both. Laser cut, painted, stacked, glued, inlaid with carnelian and fluorite, Communion is ready for you to enjoy.</p>",e5e2db_24d422649c6f49bfbee47931640db609~mv2.jpg;e5e2db_61110ab379ad4432809cb79ade69d5b7~mv2.jpg;e5e2db_f7f01cd95e684412ad38ddf05b1d1fe7~mv2.jpg,Fine Art,COM2,,1111.0,,true,PERCENT,0.0,1,12.0,,Size,DROP_DOWN,21-35 in (51-88 cm),,,,,,,,,,,,,,,,Size,"<p>This measures around 23&nbsp;Inches (58&nbsp;cm)</p>
",,,,,,,,,,,,,,,,,
product_8002bd31-1d1d-e706-3cbb-f5147e0d82ad,Product,Amphibian Dream,"<p>As the mind quiets and the pencil flows the unseen emerges. Space, flow, angles and shapes interconnect to become one. From the eye of the beholder mind creates the story and heart, the experience. The art is neither, you are both. Laser cut, painted, stacked, and glued, Amphibian Dream is ready for you to enjoy.<br>&nbsp;</p>",e5e2db_ec8c74bf7ace435aa244c47cd6b64284~mv2.jpg;e5e2db_97822a0c18f549e48f01c9c34727bb61~mv2.jpg;e5e2db_6f28c980737f485992e668a924620e9d~mv2.jpg,Fine Art,AMP1,,745.0,,true,PERCENT,0.0,1,,,Size,DROP_DOWN,21-35 in (51-88 cm),,,,,,,,,,,,,,,,Size,"<p>This measures around 12x21 Inches or 32x53 Centimeters</p>
",,,,,,,,,,,,,,,,,
product_226bfd3b-4cd0-bef2-c393-2efa08d12903,Product,Winged Spirit Wood,"<p>As the mind quiets and the pencil flows the unseen emerges. Space, flow, angles and shapes interconnect to become one. From the eye of the beholder mind creates the story and heart, the experience. The art is neither, you are both. Laser cut, painted, stacked, glued, Winged Spirit&nbsp;is ready for you to enjoy.</p>",e5e2db_52e6955fdb9441548054cac928994588~mv2.jpg,Fine Art,WSW1,,969.0,,true,PERCENT,0.0,1,,,Size,DROP_DOWN,21-35 in (51-88 cm),,,,,,,,,,,,,,,,Size,"<p>This measures around 23x17 Inches (58cm x 43cm)</p>
",,,,,,,,,,,,,,,,,
product_6812039c-e3bb-ba30-da41-3311784ed3b6,Product,Creation Unfolding,"<p>As the mind quiets and the pencil flows the unseen emerges. Space, flow, angles and shapes interconnect to become one. From the eye of the beholder mind creates the story and heart, the experience. The art is neither, you are both. Laser cut, painted, stacked, glued, Creation Unfolding is ready for you to enjoy.</p><p>&nbsp;</p>",e5e2db_73ddce0944e649d190eaf742e122106e~mv2.jpg,Fine Art,CU1,,969.0,,true,PERCENT,0.0,1,,,Size,DROP_DOWN,21-35 in (51-88 cm),,,,,,,,,,,,,,,,Size,"<p>This measures around 28x23&nbsp;Inches (71cm x 58cm)</p>
",,,,,,,,,,,,,,,,,
product_cb0b154e-fa73-838f-4156-c0fa569f9436,Product,Rise Of The Buffalo,"<p>As the mind quiets and the pencil flows the unseen emerges. Space, flow, angles and shapes interconnect to become one. From the eye of the beholder mind creates the story and heart, the experience. The art is neither, you are both. Laser cut, painted, stacked, glued, Rise Of The Buffalo is ready for you to enjoy.</p>",e5e2db_5e185eae389d48ce80f9c4ff32bcedbc~mv2.jpg,,ROTB1,,1111.0,,true,PERCENT,0.0,1,,,Size,DROP_DOWN,21-35 in (51-88 cm),,,,,,,,,,,,,,,,Size,"<p>This measures around 17x23&nbsp;Inches (44cm x 58cm)</p>
",,,,,,,,,,,,,,,,,
product_86f71f01-5388-8310-647d-35f872b48ced,Product,Metatron Flower - Green,"<p>Mandalas are an expression of infinite awareness. All points guide us to our center and light our way home. Metatron Flower is inlaid with Labradorite, painted, stacked, glued, and born through multiple layers of laser cut wood.</p>",e5e2db_79e0b01888c24a6ca5dca9bb89f282ab~mv2.jpg,Mandalas,MEMC35,,85.0,,true,PERCENT,0.0,0,,,Size,DROP_DOWN,8-12 in (20-30 cm),,,,,,,,,,,,,,,,Size,"<p>This measures around 10 Inches (25 cm)</p>
",,,,,,,,,,,,,,,,,
product_ca7b88c5-73cf-cf99-d940-c92cc8b9ff33,Product,Metatron Flower - Black,"<p>Mandalas are an expression of infinite awareness. All points guide us to our center and light our way home. Metatron Flower is inlaid with Obsidian, painted, stacked, glued, and born through multiple layers of laser cut wood.</p>",e5e2db_750bc9e5a11945d2b2aa189ac3fa1e7e~mv2.jpg,Mandalas,,,85.0,,true,PERCENT,0.0,0,,,Size,DROP_DOWN,8-12 in (20-30 cm),,,,,,,,,,,,,,,,Size,"<p>This measures around 10 Inches (25 cm)</p>
",,,,,,,,,,,,,,,,,
product_ca7b88c5-73cf-cf99-d940-c92cc8b9ff33,Variant,,,,,MEMC34,,,,true,,,1,,,,,8-12 in (20-30 cm),,,,,,,,,,,,,,,,,,,,,,,,,,,,,,,,,,
product_3fba2256-88f5-9109-87bd-e25cec74c6d4,Product,Blue Sun,"<p>Mandalas are an expression of infinite awareness. All points guide us to our center and light our way home. Blue Sun&nbsp;painted, stacked, glued, and born through multiple layers of laser cut wood.</p>",e5e2db_dedb5255d1a74f208b34eef96da5be22~mv2.jpg,Mandalas,MEMC33,,111.0,,true,PERCENT,0.0,0,,,Size,DROP_DOWN,8-12 in (20-30 cm),,,,,,,,,,,,,,,,Size,"<p>This measures around 8.5&nbsp;Inches (22&nbsp;cm)</p>
",,,,,,,,,,,,,,,,,
product_7dfd3dfd-7c5a-82ee-dd0d-f15e07139bfc,Product,Seed Of Life - Bloom Blue,"<p>Mandalas are an expression of infinite awareness. All points guide us to our center and light our way home. Seed Of Life&nbsp; is inlaid with Charoite, painted, stacked, glued, and born through multiple layers of laser cut wood.</p>",e5e2db_5abdbe2bef724b428818e4d16deaff55~mv2.jpg,Mandalas,MEMC32,,85.0,,true,PERCENT,0.0,1,,,Size,DROP_DOWN,8-12 in (20-30 cm),,,,,,,,,,,,,,,,Size,"<p>This measures around 10 Inches (25 cm)</p>
",,,,,,,,,,,,,,,,,
product_ec1d26d4-e92d-2447-884b-01dc10f14a80,Product,Seed Of Life - Bloom Orange,"<p>Mandalas are an expression of infinite awareness. All points guide us to our center and light our way home. Seed Of Life&nbsp; painted, stacked, glued, and born through multiple layers of laser cut wood.</p>",e5e2db_c9968086924f4495908b6d5134ba6a2a~mv2.jpg,Mandalas,MEMC31,,111.0,,true,PERCENT,0.0,1,,,Size,DROP_DOWN,8-12 in (20-30 cm),,,,,,,,,,,,,,,,Size,"<p>This measures around 10 Inches (25 cm)</p>
",,,,,,,,,,,,,,,,,
product_1b5672cc-de8d-029f-70c0-48af36514339,Product,Boundless Flower - Blue Purple,"<p>Mandalas are an expression of infinite awareness. All points guide us to our center and light our way home. Boundless Flower is inlaid with Citrine, painted, stacked, glued, and born through multiple layers of laser cut wood.</p>",e5e2db_39aa9be55bf0490ea9e2a547f3218193~mv2.jpg,Mandalas,MEMC30,,500.0,,true,PERCENT,0.0,1,,,Size,DROP_DOWN,13-20 in (31-50 cm),,,,,,,,,,,,,,,,Size,"<p>This measures around 17 Inches (44&nbsp;cm)</p>
",,,,,,,,,,,,,,,,,
product_b3270b66-1a85-54bd-dd74-4a0459bc3e11,Product,Boundless Flower - Green Gold,"<p>Mandalas are an expression of infinite awareness. All points guide us to our center and light our way home. Boundless Flower is inlaid with Moonstone, painted, stacked, glued, and born through multiple layers of laser cut wood.</p>",e5e2db_8514a7bdaa5e4663a4eff00c28ff3585~mv2.jpg,Mandalas,MEMC29,,500.0,,true,PERCENT,0.0,1,,,Size,DROP_DOWN,13-20 in (31-50 cm),,,,,,,,,,,,,,,,Size,"<p>This measures around 17&nbsp;Inches (44&nbsp;cm)</p>
",,,,,,,,,,,,,,,,,
product_35bb8a42-d105-dd90-3022-90fbe027a73a,Product,Infinite Zoom,"<p>Mandalas are an expression of infinite awareness. All points guide us to our center and light our way home. Infinite Zoom is inlaid with Rose Quartz, painted, stacked, glued, and born through multiple layers of laser cut wood.</p>",e5e2db_3695901527924bd79d31ae53b398c768~mv2.jpg,Mandalas,MEMC28,,500.0,,true,PERCENT,0.0,0,,,Size,DROP_DOWN,13-20 in (31-50 cm),,,,,,,,,,,,,,,,Size,"<p>This measures around 17&nbsp;Inches (44&nbsp;cm)</p>
",,,,,,,,,,,,,,,,,
product_70ea43cd-445c-c321-720a-98957168fd77,Product,Secret Garden,"<p>Mandalas are an expression of infinite awareness. All points guide us to our center and light our way home. Secret Garden painted, stacked, glued, and born through multiple layers of laser cut wood.</p>",e5e2db_5f51250df8fb4988bc1fe77ab9f34dc5~mv2.jpg,Mandalas,MEMC27,,500.0,,true,PERCENT,0.0,1,,,Size,DROP_DOWN,13-20 in (31-50 cm),,,,,,,,,,,,,,,,Size,"<p>This measures around 17&nbsp;Inches (44&nbsp;cm)</p>
",,,,,,,,,,,,,,,,,
product_4da0a44c-22a6-91d6-6d87-cbf671e12799,Product,Yantra Flower,"<p>Mandalas are an expression of infinite awareness. All points guide us to our center and light our way home. Yantra Flower is inlaid with Obsidian and Hematite, painted, stacked, glued, and born through multiple layers of laser cut wood.</p>",e5e2db_3ffa32cc21ab4a8992f20756d2b8b343~mv2.jpg,,MEMC26,,1111.0,,true,PERCENT,0.0,1,,,Size,DROP_DOWN,21-35 in (51-88 cm),,,,,,,,,,,,,,,,Size,"<p>This measures around 23&nbsp;Inches (58&nbsp;cm)</p>
",,,,,,,,,,,,,,,,,
product_1bd0427f-cd2e-17b0-b227-21e7cc76a45e,Product,Dream Whisper - Purple Gold,"<p>Mandalas are an expression of infinite awareness. All points guide us to our center and light our way home. Dream Whisper is inlaid with Rose Quartz, Carnelian and Amber, painted, stacked, glued, and born through multiple layers of laser cut wood.</p>",e5e2db_7e0ae7e56cbf4d04bb8d032a638bc05b~mv2.jpg,,MEMC25,,1111.0,,false,PERCENT,0.0,1,,,Size,DROP_DOWN,21-35 in (51-88 cm),,,,,,,,,,,,,,,,Size,"<p>This measures around 23&nbsp;Inches (58&nbsp;cm)</p>
",,,,,,,,,,,,,,,,,
product_fdd55230-8d64-1d82-778a-28aaf5ded95d,Product,Circle Of Existance - Blue,"<p>Mandalas are an expression of infinite awareness. All points guide us to our center and light our way home. Circle Of Existance painted, stacked, glued, and born through multiple layers of laser cut wood.</p>",e5e2db_fe4d04ceb5294bef93051232a9ce5bfa~mv2.jpg,Mandalas,MEMC24,,969.0,,true,PERCENT,0.0,1,,,Size,DROP_DOWN,21-35 in (51-88 cm),,,,,,,,,,,,,,,,Size,"<p>This measures around 23&nbsp;Inches (58&nbsp;cm)</p>
",,,,,,,,,,,,,,,,,
product_c0864b5b-bf2f-d838-f7d7-eac4fac2c751,Product,Golden Harmony - Gold Brass,"<p>Mandalas are an expression of infinite awareness. All points guide us to our center and light our way home. Golden Harmony is inlaid with A Brass Metatron's Cube and Tigers Eye, painted, stacked, glued, and born through multiple layers of laser cut wood.</p>",e5e2db_0d3f1f89b0734e30809f226f8116ddb1~mv2.jpg,Mandalas,MEMC23,,969.0,,true,PERCENT,0.0,1,,,Size,DROP_DOWN,21-35 in (51-88 cm),,,,,,,,,,,,,,,,Size,"<p>This measures around 23&nbsp;Inches (58&nbsp;cm)</p>
",,,,,,,,,,,,,,,,,
product_da25e8ad-761e-a5f9-9a3a-09465e224cf5,Product,Unfolding - Green Blue,"<p>Mandalas are an expression of infinite awareness. All points guide us to our center and light our way home. Unfolding is inlaid with Mother of Pearl and Turquoise, painted, stacked, glued, and born through multiple layers of laser cut wood.</p>",e5e2db_71ed1fe2030546c2bcc7bd9ce4447420~mv2.jpg,Mandalas,MEMC22,,969.0,,true,PERCENT,0.0,1,,,Size,DROP_DOWN,21-35 in (51-88 cm),,,,,,,,,,,,,,,,Size,"<p>This measures around 23&nbsp;Inches (58 cm)</p>
",,,,,,,,,,,,,,,,,
product_ce091a65-3baf-785c-2dea-838747031778,Product,Sol Urchin - Green Blue,"<p>Mandalas are an expression of infinite awareness. All points guide us to our center and light our way home. Sol Urchin is inlaid with Moonstone, Hematite and Aventurine, painted, stacked, glued, and born through multiple layers of laser cut wood.</p>",e5e2db_cb0e58c43ff9434094982ba67eb18f42~mv2.jpg,Mandalas,MEMC21,,969.0,,true,PERCENT,0.0,1,,,Size,DROP_DOWN,21-35 in (51-88 cm),,,,,,,,,,,,,,,,Size,"<p>This measures around 23&nbsp;Inches (58&nbsp;cm)</p>
",,,,,,,,,,,,,,,,,
product_7b8ee052-8a1b-ca51-6f5a-81f708c8325c,Product,Emergence - Metatron's Cube Red,"<p>Mandalas are an expression of infinite awareness. All points guide us to our center and light our way home. Emergence is inlaid with Mother of Pearl and Rose Quartz, painted, stacked, glued, and born through multiple layers of laser cut wood.</p>",e5e2db_b6719697ecd541dca86e8801027f0f79~mv2.jpg,Mandalas,MEMC20,,300.0,,true,PERCENT,0.0,1,,,Size,DROP_DOWN,8-12 in (20-30 cm),,,,,,,,,,,,,,,,Size,"<p>This measures around 11.5&nbsp;Inches (29&nbsp;cm)</p>
",,,,,,,,,,,,,,,,,
product_4e22f340-e282-5854-8046-8148a0f85bee,Product,Circle Of Existance - Bloom,"<p>Mandalas are an expression of infinite awareness. All points guide us to our center and light our way home. Circle of Existance is inlaid with charoite, painted, stacked, glued, and born through multiple layers of laser cut wood.</p>",e5e2db_b8b11bbdc957413c8dacbbee36452077~mv2.jpg,Mandalas,MEMC19,,250.0,,true,AMOUNT,28.0,1,,,Size,DROP_DOWN,8-12 in (20-30 cm),,,,,,,,,,,,,,,,Size,"<p>This measures around 11.5&nbsp;Inches (29&nbsp;cm)</p>
",,,,,,,,,,,,,,,,,
product_728d7297-13e0-c68e-13bb-d25a5bd74349,Product,Emergence - Metatron's Cube Remix,"<p>Mandalas are an expression of infinite awareness. All points guide us to our center and light our way home. Emergence is inlaid with Mother of Pearl, painted, stacked, glued, and born through multiple layers of laser cut wood.</p>",e5e2db_9a689605a48f4676b11ed3618484fae7~mv2.jpg,Mandalas,MEMC18,,250.0,,true,PERCENT,0.0,1,,,Size,DROP_DOWN,8-12 in (20-30 cm),,,,,,,,,,,,,,,,Size,"<p>This measures around 11.5&nbsp;Inches (29&nbsp;cm)</p>
",,,,,,,,,,,,,,,,,
product_5550aa15-b666-a553-0be4-9f61c84ee431,Product,Endless Bloom - Remix,"<p>Mandalas are an expression of infinite awareness. All points guide us to our center and light our way home. Endless Bloom&nbsp;is inlaid with Labradorite, painted, stacked, glued, and born through multiple layers of laser cut wood.</p>",e5e2db_43dc4a7a7072465a99ecb6f566b94e70~mv2.jpg,Mandalas,MEMC17,,222.0,,true,PERCENT,0.0,0,,,Size,DROP_DOWN,8-12 in (20-30 cm),,,,,,,,,,,,,,,,Size,"<p>This measures around 11.5&nbsp;Inches (29&nbsp;cm)</p>
",,,,,,,,,,,,,,,,,
product_c4eafee2-134d-f763-7060-9023acdce318,Product,Heart Centered - Remix Star,"<p>Mandalas are an expression of infinite awareness. All points guide us to our center and light our way home. Heart Centered is inlaid with Carnelian, painted, stacked, glued, and born through multiple layers of laser cut wood.</p>",e5e2db_2d17aec4f7224c03861d3f5b9f72a678~mv2.jpg,Mandalas,MEMC16,,300.0,,true,PERCENT,0.0,0,,,Size,DROP_DOWN,8-12 in (20-30 cm),,,,,,,,,,,,,,,,Size,"<p>This measures around 11.5&nbsp;Inches (29&nbsp;cm)</p>
",,,,,,,,,,,,,,,,,
product_ab09e5ca-189c-40d5-30f8-63e34d3498cc,Product,Midnight Sunrise - Remix,"<p>Mandalas are an expression of infinite awareness. All points guide us to our center and light our way home. Midnight Sunrise is inlaid with Malachite and Labradorite, painted, stacked, glued, and born through multiple layers of laser cut wood.</p>",e5e2db_d2da60d049b04c65a58a9d815caf6bb3~mv2.jpg,Mandalas,MEMC15,,300.0,,true,AMOUNT,78.0,1,,,Size,DROP_DOWN,8-12 in (20-30 cm),,,,,,,,,,,,,,,,Size,"<p>This measures around 11.5&nbsp;Inches (29&nbsp;cm)</p>
",,,,,,,,,,,,,,,,,
product_b2164100-4a60-61ae-b6cb-b8a78eccb84e,Product,Night - Fly,"<p>Mandalas are an expression of infinite awareness. All points guide us to our center and light our way home. Night Fly is inlaid with Obsidian, painted, stacked, glued, and born through multiple layers of laser cut wood.</p>",e5e2db_fca0e2fe40244a8eac31a94b78ba61be~mv2.jpg,Mandalas,MEMC14,,250.0,,true,PERCENT,0.0,1,,,Size,DROP_DOWN,8-12 in (20-30 cm),,,,,,,,,,,,,,,,Size,"<p>This measures around 11.5&nbsp;Inches (29&nbsp;cm)</p>
",,,,,,,,,,,,,,,,,
product_0fb33b3f-ace3-12a9-1668-ed3c6130825a,Product,Resequence - Blue Purple,"<p>Mandalas are an expression of infinite awareness. All points guide us to our center and light our way home. Resequence is inlaid with Chrysocolla, painted, stacked, glued, and born through multiple layers of laser cut wood.</p>",e5e2db_eb71a9036605440eaa0ea3d4e236b76c~mv2.jpg,Mandalas,MEMC13,,250.0,,true,PERCENT,0.0,1,,,Size,DROP_DOWN,8-12 in (20-30 cm),,,,,,,,,,,,,,,,Size,"<p>This measures around 11.5&nbsp;Inches (29&nbsp;cm)</p>
",,,,,,,,,,,,,,,,,
product_8920bbeb-b10a-ae6e-910c-bcace3211c61,Product,Sol Urchin - Red Gold,"<p>Mandalas are an expression of infinite awareness. All points guide us to our center and light our way home. Sol Urchin&nbsp;painted, stacked, glued, and born through multiple layers of laser cut wood.</p>",e5e2db_2bdb9d4ab72043bea2b58c901c149372~mv2.jpg,Mandalas,MEMC12,,300.0,,true,PERCENT,0.0,1,,,Size,DROP_DOWN,8-12 in (20-30 cm),,,,,,,,,,,,,,,,Size,"<p>This measures around 11.5&nbsp;Inches (29&nbsp;cm)</p>
",,,,,,,,,,,,,,,,,
product_f1f2d04c-8ef5-21c2-fda9-9cb71393e577,Product,Starburst - Green,"<p>Mandalas are an expression of infinite awareness. All points guide us to our center and light our way home. Starburst&nbsp;is inlaid with Labradorite, painted, stacked, glued, and born through multiple layers of laser cut wood.</p>",e5e2db_56e998307d6742c3ac544da5082d0132~mv2.jpg,Mandalas,MEMC11,,250.0,,true,AMOUNT,28.0,1,,,Size,DROP_DOWN,8-12 in (20-30 cm),,,,,,,,,,,,,,,,Size,"<p>This measures around 11.5&nbsp;Inches (29&nbsp;cm)</p>
",,,,,,,,,,,,,,,,,
product_4cd777c5-454a-6e98-881e-cc3482721f63,Product,Sun Star - Pastel,"<p>Mandalas are an expression of infinite awareness. All points guide us to our center and light our way home. Sun Star&nbsp;is inlaid with Aventurine, painted, stacked, glued, and born through multiple layers of laser cut wood.</p>",e5e2db_ffdbddabc2bb46fcb837fec22392838d~mv2.jpg,Mandalas,MEMC10,,300.0,,true,PERCENT,0.0,1,,,Size,DROP_DOWN,8-12 in (20-30 cm),,,,,,,,,,,,,,,,Size,"<p>This measures around 11.5&nbsp;Inches (29&nbsp;cm)</p>
",,,,,,,,,,,,,,,,,
product_016b1b75-c7f3-f76a-a6ca-24b2a98f470a,Product,Star Sun - Red,"<p>Mandalas are an expression of infinite awareness. All points guide us to our center and light our way home. Star Sun&nbsp;is inlaid with Smokey Quartz, painted, stacked, glued, and born through multiple layers of laser cut wood.</p>",e5e2db_e4b3b3761b104ffea7520845978d09e6~mv2.jpg,Mandalas,MEMC09,,300.0,,true,PERCENT,0.0,1,,,Size,DROP_DOWN,8-12 in (20-30 cm),,,,,,,,,,,,,,,,Size,"<p>This measures around 11.5&nbsp;Inches (29&nbsp;cm)</p>
",,,,,,,,,,,,,,,,,
product_38f190c8-ab92-e22d-fba9-ee4a62ea958c,Product,Midnight Sunrise - Black Gold,"<p>Mandalas are an expression of infinite awareness. All points guide us to our center and light our way home. Midnight Sunrise is inlaid with Obsidian, painted, stacked, glued, and born through multiple layers of laser cut wood.</p>",e5e2db_5d2117ff828547cb9a339b1824c87542~mv2.jpg,Mandalas,MEMC08,,300.0,,true,PERCENT,0.0,1,,,Size,DROP_DOWN,8-12 in (20-30 cm),,,,,,,,,,,,,,,,Size,"<p>This measures around 11.5&nbsp;Inches (29&nbsp;cm)</p>
",,,,,,,,,,,,,,,,,
product_ae7200b3-760b-a793-17e4-b4b1c339b816,Product,Circle Of Existance - Remix Orange,"<p>Mandalas are an expression of infinite awareness. All points guide us to our center and light our way home. Circle Of Existance is inlaid with Carnelian, painted, stacked, glued, and born through multiple layers of laser cut wood.</p>",e5e2db_dfc92f5387794d5daa160023b11c53f0~mv2.jpg,Mandalas,MEMC07,,300.0,,true,PERCENT,0.0,0,,,Size,DROP_DOWN,8-12 in (20-30 cm),,,,,,,,,,,,,,,,Size,"<p>This measures around 11.5&nbsp;Inches (29&nbsp;cm)</p>
",,,,,,,,,,,,,,,,,
product_41045642-75d0-2486-e7a3-d500fcc54ccf,Product,Sol Urchin - Green,"<p>Mandalas are an expression of infinite awareness. All points guide us to our center and light our way home. Sol Urchin is inlaid with Labradorite, painted, stacked, glued, and born through multiple layers of laser cut wood.</p>",e5e2db_6ce5134678bb446d9f26cf1d7e840cba~mv2.jpg,Mandalas,MEMC06,,300.0,,true,PERCENT,0.0,1,,,Size,DROP_DOWN,8-12 in (20-30 cm),,,,,,,,,,,,,,,,Size,"<p>This measures around 11.5&nbsp;Inches (29&nbsp;cm)</p>
",,,,,,,,,,,,,,,,,
product_a71dae63-649f-9797-8165-3915056a5ff1,Product,Sol Urchin - Blue,"<p>Mandalas are an expression of infinite awareness. All points guide us to our center and light our way home. Sol Urchin is inlaid with Charoite, painted, stacked, glued, and born through multiple layers of laser cut wood.</p><p>&nbsp;</p>",e5e2db_43d1520d957e418e977a68bcf5aaf524~mv2.jpg,Mandalas,MEMC05,,300.0,,true,PERCENT,0.0,1,,,Size,DROP_DOWN,8-12 in (20-30 cm),,,,,,,,,,,,,,,,Size,"<p>This measures around 11.5&nbsp;Inches (29&nbsp;cm)</p>
",,,,,,,,,,,,,,,,,
product_41c91487-045c-2d83-b521-3c936036d801,Product,Sol Urchin - Purple Gold,"<p>Mandalas are an expression of infinite awareness. All points guide us to our center and light our way home. Sol Urchin is inlaid with Carnelian, painted, stacked, glued, and born through multiple layers of laser cut wood.</p>",e5e2db_40f3c21175244afc81f8a1cc05fa28d9~mv2.jpg,Mandalas,MEMC04,,300.0,,true,PERCENT,0.0,1,,,Size,DROP_DOWN,8-12 in (20-30 cm),,,,,,,,,,,,,,,,Size,"<p>This measures around 11.5&nbsp;Inches (29&nbsp;cm)</p>
",,,,,,,,,,,,,,,,,
product_5442f71b-22bc-6939-4203-28bd25ed9c22,Product,Sol Urchin - Remix Metatron's Cube,"<p>Mandalas are an expression of infinite awareness. All points guide us to our center and light our way home. Sol Urchin is inlaid with Red Tigers Eye, painted, stacked, glued, and born through multiple layers of laser cut wood.</p>",e5e2db_cfdd7f18e70240e2bd34e6c62e75499f~mv2.jpg,Mandalas,MEMC03,,250.0,,true,PERCENT,0.0,0,,,Size,DROP_DOWN,8-12 in (20-30 cm),,,,,,,,,,,,,,,,Size,"<p>This measures around 11.5&nbsp;Inches (29&nbsp;cm)</p>
",,,,,,,,,,,,,,,,,
product_0d3c9938-d64c-e2c5-5c02-2ebfd2e0c22d,Product,Starburst - Red,"<p>Mandalas are an expression of infinite awareness. All points guide us to our center and light our way home. Starburst is inlaid with Carnelian, painted, stacked, glued, and born through multiple layers of laser cut wood.</p><p>&nbsp;</p>",e5e2db_b54b5923310c43c6af2bf2d20c4d8fce~mv2.jpg,Mandalas,MEMC02,,250.0,,true,AMOUNT,28.0,0,,,Size,DROP_DOWN,8-12 in (20-30 cm),,,,,,,,,,,,,,,,Size,"<p>This measures around 11.5&nbsp;Inches (29&nbsp;cm)</p>
",,,,,,,,,,,,,,,,,
product_9b4de93c-c8b3-9923-06be-4b4e58def47b,Product,Emergence - Metatron's Cube Brown,"<p>Mandalas are an expression of infinite awareness. All points guide us to our center and light our way home. Emergence is inlaid with Labradorite, painted, stacked, glued, and born through multiple layers of laser cut wood.</p>",e5e2db_a9bcba1dd04e468db5a20888b6684086~mv2.jpg,Mandalas,MEMC01,,300.0,,true,PERCENT,0.0,1,,,Size,DROP_DOWN,8-12 in (20-30 cm),,,,,,,,,,,,,,,,Size,"<p>This measures around 11.5&nbsp;Inches (29&nbsp;cm)</p>
",,,,,,,,,,,,,,,,,
product_44a1a87e-a967-a75a-fc85-b166ebd771a1,Product,Communion,"<p>As the mind quiets and the pencil flows the unseen emerges. Space, flow, angles and shapes interconnect to become one. From the eye of the beholder mind creates the story and heart, the experience. The art is neither, you are both. Laser cut, painted, stacked, glued, inlaid with carnelian and tigers eye, Communion is ready for you to enjoy.</p>",e5e2db_cf43ce6c95fd4c2991155ca7db462e57~mv2.jpg,Fine Art,COM1,,1111.0,,true,PERCENT,0.0,1,12.0,,Size,DROP_DOWN,21-35 in (51-88 cm),,,,,,,,,,,,,,,,Cleaning and care,"<p>Everything is created immaculately with longevity and precision in mind, however laser cut artwork is delicate and must be handled with <em>care</em>.</p>

<p>Though we have customers in many climates it is best to avoid displaying in prolonged direct sunlight or excessively humid environments.</p>

<p>Cleaning is best done <em>gently </em>with an air compressor or canned air.</p>
",Size,"<p>This measures around 23&nbsp;Inches (58&nbsp;cm)</p>
",,,,,,,,,,,,,,,
